Id,Label,Interval
1474025293430104076,FerranteViola,
1474024862498840583,forza_italia,
1474020110264377350,Frances69744637,
1474017278056288262,Ilpolverone,
1474016319813165061,massimo_aletti,
1474014690988732422,morgabella,
1474013702823284738,pecolx,
1474012695674322946,Titticri1984,
1474012081276039172,AquilaN30811108,
1474011840392970241,bevgi,
1474011485991055369,MassiRibox,
1474011370735779844,LuigiIvanV,
1474011298824400896,MissLemon79,
1474010645850988552,giudit70,
1474010615551336455,Antomj72,
1474010581942390784,SoniaLaVera,
1474010112155074562,Antonio70674179,
1474009520527523843,marcuspascal1,
1474009471655591941,Testament73,
1474009411601510400,margher75500696,
1474009159255437317,sissyturtlexxx,
1474009084076642308,MaMaurizi9,
1474009030670659587,DoniFaltoni,
1474008991483187203,v__andrea,
1474008947304640514,Sandro15533442,
1474008833941028870,OrtigiaP,
1474008629716082688,GRETA1SGARBO,
1474007626358865926,mrcrto,
1474007467126308875,Marcogayamarco,
1474005486487887872,Net2Ayurveda,
1474003352023351298,Piero42395724,
1474002977602084874,viralvideovlogs,
1474002969838370824,IvanaIv29438384,
1474002341535928324,antondepierro,
1474001901054218246,G_19_09,
1474001394298462220,Lellauzza,
1473997161931198468,Olindo35055898,
1473992282055532555,RobMacCready,
1473992080963821570,davide76542705,
1473991715367309315,EnzoCare2,
1473990554383962114,IMoresi,
1473989888605396998,Side73Dark,
1473988808471465989,DocBrownBruni,
1473987824462581767,RobertoSavasini,
1473987593700319246,DottFinocchiaro,
1473986497439318018,FreeNewsWorld,
1473986380116205571,Jucaz_VFC,
1473986337191702531,giuliramone,
1473986186477776905,EnricoAncillott,
1473984833357496327,DanieleO69,
1473984241717424141,Ninanina1215,
1473983615348482048,so_matic,
1473983195087523842,EURybor,
1473980965248802822,GianandreaGorla,
1473978872462864384,adrianobusolin,
1473973854708322310,EmyRoyaleagle,
1473968489429966852,FraViviana15,
1473968297968377861,babyspettri,
1473967429101539329,conscaza,
1473967067141480452,SSaponelli,
1473966917308366848,LiPopulista,
1473965359984263172,Carlo96446381,
1473965136985661454,giovannilegena,
1473965076742819844,Daniele36849272,
1473962090952110082,9091campioni,
1473959364276989952,MariellaLoi,
1473957682512023556,GirolamoMaggio,
1473950533069250560,GiovanniGiuli,
1473949616680878082,Genjuro75,
1473946471879921667,CarmenDAddio81,
1473944787321593858,isabeaubless,
1473944414510891010,isabeaubless,
1473944385830244354,Brigante1959,
1473943541130960905,miridesant,
1473940813029773315,MeleoFernando,
1473940070986141704,Cristin68904460,
1473939623814565890,MutiLeonilde,
1473939337801007115,NoGreenPass_,
1473936976168554496,SoniaLaVera,
1473933365120282625,Filomen30847137,
1473931773549727748,BellomoAlexis,
1473931617135738882,gaiaferrara22,
1473930494098161664,gael99,
1473929064251539456,vago7858,
1473927666839523328,stregaira,
1473927121298931713,2Qrocky,
1473922581585711105,Mare09099675,
1473920543275556864,CrisAvalon,
1473917976306987021,Lore41714593,
1473917611909992454,SoniaLaVera,
1473915411485888517,rinobruno62,
1473914747720454145,carmas75,
1473913923623690241,katiaamore,
1473913320876949507,Patrizia_MB,
1473913247787106309,dayflyer,
1473912916562923525,NadiaPolo2,
1473912373106851845,CNike60,
1473910945814654977,Gilda21953339,
1473909696172019721,campeggiani,
1473908211153575937,HoleForFun,
1473907671355076610,Skittygoa,
1473906894502862848,maxxxks,
1473905820870057987,crotti8,
1473905220824576006,montox1,
1473904170864361475,ingcaustico,
1473903336126562306,MaxxMono,
1473903093486129155,Giancar14502742,
1473901035785760768,silvia92745700,
1473900505495711751,75alina1,
1473898960473538564,mariacarla1963,
1473895241296060417,_TYPEONEGATIVE_,
1473893593718956033,FabbFR2019,
1473892588197396481,LuigiColline,
1473890777747148805,massimocajati,
1473886039425048576,zampino12345678,
1473884872645427203,pacripi,
1473867666729443338,EmyRoyaleagle,
1473864011640983558,LRoventini,
1473857562135207937,1BlueWinger,
1473851598786945024,Mdicintio1,
1473850676824489986,gabriel_msms,
1473841454535647232,cindykia25644,
1473839262642675714,Freak_Nick_,
1473838957829971970,_Cinico2_,
1473838709401436161,bildarte,
1473838588920012800,bar1_bruno,
1473838130084163584,mostra76,
1473834022556024832,ShinyLale,
1473833511685664774,AndreaSosia,
1473831179526844423,_torm3nto_,
1473830857370701825,francyelia29,
1473824046018088962,Fa60za1,
1473822755640512515,QuestoTizio,
1473819463002767365,Llukas79,
1473818657902018571,Marks41963878,
1473818447075291140,William70478369,
1473817377963925504,StefaniaVaselli,
1473816742593978369,Mgthre1,
1473816289319792646,Gianvittorio77,
1473816180146282503,emiliano87tw,
1473815358972772357,EsercitoCrucian,
1473814426285400065,ElenaOp14657178,
1473812618242629639,LucasMGian,
1473811415840481287,fremo03893514,
1473807397885984774,RomGarg,
1473805574143893505,Rosalba_Falzone,
1473803957118058498,VeroTi2,
1473797386631892992,boletusatanas,
1473792691347546122,FabryFranco_nr2,
1473790956239564805,dariomasiero,
1473790876589641728,franciceo,
1473790606690467852,a_agabito,
1473789853943083009,mihirdjin,
1473789021495169039,Principe3001979,
1473788962967859201,470simone,
1473787529686134789,isamiccoli52,
1473787404792348677,FairyRainDarcy,
1473786759238541313,Lele753,
1473786232325001217,radmic11,
1473784731544297478,AChierchini,
1473784441222963208,carlo_conforti,
1473784408972972043,tamangha,
1473782439436767243,Mcclane272,
1473781661456379908,Lurlooo,
1473781117434085381,giuz73,
1473780932222066698,asg7139,
1473780840047861763,faeryqveen,
1473777191456587782,elivito,
1473775983996063746,anto_a_a,
1473775065225478159,Martina95190659,
1473774807011442693,martiveroo,
1473772205884383233,viralvideovlogs,
1473771185976532998,riccardopietri,
1473770184750125057,Massimiliana21,
1473768911355228162,fabrizio1972b,
1473768103771267077,VCountry3,
1473767342471581706,Marylu58121349,
1473766608774565898,PCad19,
1473765310541017101,paolasoriani53,
1473764715746758663,granati_mauro,
1473764682347470859,AndreaS83035169,
1473763560295645185,Kenzo07999025,
1473761621222776835,Flavio_Difra,
1473761186965602305,gsoricaro,
1473760837965950986,Ettore79597694,
1473760237987504129,ClaudiaBen69,
1473760200070938629,Roby86341796,
1473759561928650765,FlatMarco,
1473758028801392642,Lulu79955474,
1473757198874460167,gpgp5532188,
1473756544726704135,Skarrozzz,
1473756407543574530,dileguossi,
1473755897717530627,sandracatalano,
1473754547982159875,nerosolari,
1473754527438409735,CiccioniSe,
1473753297718845440,protoromantica,
1473753246690942989,mauro_arena,
1473753091854016514,six_182,
1473752474129420302,Marco1999Busa,
1473751091024207876,scimmiaintesta,
1473750652459397127,_Gi_Ci_,
1473750210165854222,anna30048679,
1473748839785979911,CoviddiTruppen,
1473748176750333953,publio71,
1473748039860985870,Leryn23212354,
1473747884298457089,v1just7,
1473747545826500620,TartarugaRugosa,
1473747397767577606,liliaragnar,
1473747322186223618,Davide70405052,
1473747118292717573,CeciiiCi,
1473746464740458501,shetzup,
1473746049663705089,alkhimiyah,
1473742082581966851,Marisab79879802,
1473741912704225283,marilenagasbar1,
1473739864654893058,BassisMarco,
1473739363049693192,storico900,
1473738726694129674,zephira_137,
1473738513690640385,davidearduini,
1473736565998473231,frabarraco,
1473733033538768910,AnnaxLGxTS,
1473731411647647752,JPCK72,
1473731276536492038,Cla___________,
1473730934562299919,Bob86591692,
1473729527100719113,FACT60,
1473729418648604679,FraLauricella,
1473728903680249866,raffaellamucci1,
1473728880049627152,GabrieMariste,
1473728166590038017,FatimaCurzio,
1473727751265861638,FatimaCurzio,
1473727246020063243,Noninfluente,
1473726733031546882,Mario_Molinari,
1473726309343891463,fvtsQK7bvTo6Viv,
1473723642441838592,Frenk20483258,
1473722541105729548,NelaBombelli,
1473720444691918858,vitcastagna,
1473718862533308416,francescoRcan,
1473717012065144838,Gabriel92173003,
1473716197103394820,gianpi56,
1473716074793390086,Fortu36419972,
1473714884617584652,pierluca_mussi,
1473713520822960129,Dj_Mike238,
1473711318079361027,Ale_Calzoni,
1473711038919057409,sirenadelsud,
1473709810361245714,jhullypeereira,
1473709098168369158,SimoneZukov,
1473708741631610888,mi_son_rotto,
1473708739584831489,Klau662,
1473708319172964356,grecale66,
1473708005531262982,ugomuffo,
1473707889814654996,Guzzi19958320,
1473707793693782018,AleDucaConte,
1473707358220079107,ddgiusto,
1473706938605133827,robychisar,
1473706885983477770,magnificosergi2,
1473706839737090050,Nicola23453287,
1473706759319691272,Stefania_1972,
1473706720656510985,sfratazz,
1473705890876477451,eudaimonia00_,
1473705786329247749,Sfigattone,
1473704728102158350,Le_Baron__Rouge,
1473704035752591363,Bomba2H,
1473703908346368012,Nadiapiani,
1473702583596371977,Sara60825982,
1473701970577920003,Profilo3Marco,
1473700933813088264,1solocapitan,
1473700885024882701,concettaconsoli,
1473698191187001347,dani_gaudi2001,
1473698182819373067,AntonioRomane13,
1473696391142780941,francescolett11,
1473695406320193547,Mikepub1,
1473693045879152651,1V4vendetta,
1473692962823495680,LucaBurnout,
1473692816928817160,DarkForce78,
1473692653061644298,ArielLion00,
1473692629913243655,Mikepub1,
1473692021076508678,UGiangrieco,
1473691745481277446,giorgiovascotto,
1473688794146775048,deeplyfree3,
1473687704676278272,IcardaLu,
1473687221442125829,alfreaudi,
1473684173286252546,VulcanianLogic,
1473682910481952771,rossomille,
1473682658588831747,VulcanianLogic,
1473682502942441472,GianniVezzani1,
1473680944380973069,MinnieMinerva2,
1473680079414779905,giansibra87,
1473679937769021451,f43bb0d6a395428,
1473679638379601934,Diva_VIP,
1473677085650698246,BreakingItalyNe,
1473676990481903623,ivic00633480,
1473676877386719240,fabrizio1972b,
1473676575564521473,SereDomenici,
1473676255375630339,DeGrigiis,
1473675529156972557,Rog_2,
1473675239867527173,sferriam,
1473674607999737872,mila_lavi,
1473673380368945152,aitaka93,
1473673145534062602,patriziarutigl1,
1473672660349603842,GordonMoat,
1473672107347296257,lollodaloisio,
1473671886781521926,StefanoTardugno,
1473671321146085382,Ale_S000,
1473669755915714572,DelpapaMax,
1473669565863370761,valentinadigrav,
1473668863741018113,Paolosantagata5,
1473668468276973577,Mikepub1,
1473668378346893322,RomGarg,
1473667014967406592,nonsipuo,
1473664370341289989,ioeilmiomare,
1473662783908630530,sempronia56,
1473661660908998665,alabardante,
1473657862094262272,GianandreaGorla,
1473656829666373638,mentat59,
1473655967145500672,Antikytera,
1473655202259644426,Vittoriabella78,
1473655170072551424,gael99,
1473654741238534149,francepolen,
1473654696288075777,CorradoSummer,
1473654571130052611,ereike05,
1473652307900440579,Pasqualeh725,
1473652249775665158,twMirandolina,
1473651875782217729,Ronaldinho3210,
1473651765505667083,aranciaverde,
1473651701756436490,Deiana_Luca9,
1473651662241865735,mrluke1969,
1473651472118206467,scuroscuroscuro,
1473651454036615172,rocco1909,
1473651160783499267,cinasil1,
1473649577551085568,pleasebbmine,
1473649449532641282,Berserk98095437,
1473647418151518220,NGiorg1998,
1473646861919653888,riccardobruni,
1473646617068810242,Ambrina1991,
1473645393778991112,Paola5GG5,
1473645346630901762,carlamartamari,
1473644644454092812,FuoriIncuboUe,
1473644504485928960,Franciscktrue,
1473644424999710726,ZeniaConfusa,
1473644365658693632,MuredduGiovanni,
1473644174792605699,Luca67,
1473644052935499782,noomeuteente,
1473642994742050818,varaldo_fabio,
1473642816039489541,crispadafora,
1473642298831482884,officialMorris,
1473641942072320001,zimo3,
1473641164440014850,SandraM_Tcon0,
1473640813662019593,barone_giu19,
1473640746167193600,PulcinoRossoner,
1473640588700442635,StefaniaSupino2,
1473640113439707140,Dreamony2,
1473639598530174983,manginobrioches,
1473639273211568129,zephira_137,
1473638892498833411,lorenzhaus,
1473638022470111232,GiuseppeFalaga6,
1473637514422407172,Dear_Inanna_Z,
1473636424108941316,GMinardiJ,
1473636294437785604,antbar12,
1473635970557829125,trust_lygia,
1473635629275795462,MoroniMirna,
1473634536676376576,PulcinoRossoner,
1473633472564678659,ADM_assdemxmi,
1473631902288551939,cav_errante_,
1473631055810813953,a_debunker,
1473630854824050697,AleB36178648,
1473629482254839809,Imerio63869627,
1473629157754089472,piccologabri,
1473628750038327303,maxxxks,
1473628699765489664,PrincipeEredit1,
1473628341609578503,fabrizio1972b,
1473627765106745350,RevengeEmi,
1473627719992754178,Alexct9,
1473627471358701571,JeanMartin72,
1473627206349991937,Dissidia31059,
1473626963894022147,PseudoEly,
1473626524611923975,76687505Roberto,
1473626343946567683,8foctdr67,
1473623780941565958,Testament73,
1473622472591298564,Orsantibus1,
1473622450596368388,Piccio1969,
1473621784603856897,DorboMarimba,
1473621410341867520,hiboss_hiboss,
1473621190769971202,KavhOctavia,
1473621061166112768,mia76587271,
1473620847256608772,maryilritorno,
1473620124116606982,monsieuu,
1473619652161024001,NinjitaOutlet,
1473619076622819336,ilarysotgiu1,
1473618808086700034,loren_ch,
1473618659067183114,MinutemanItaly,
1473617669391855628,Pholey_vn,
1473617497786040320,tatonissimo,
1473616397435650052,Artan26544343,
1473616264149049348,Giusepp17413380,
1473615310272012293,alessand_mella,
1473614699413622784,klaudiu54673449,
1473613248297676803,fagiolo_mauro,
1473612863243759622,MirkoPellegrin8,
1473612429560975361,Bianca34874951,
1473612127197880321,FranceskoNew,
1473611792031039488,Bianca34874951,
1473611657238790144,frengopilu,
1473611653254107144,gallina_di,
1473611199241760779,Nicola_Alocin83,
1473611065187614726,Dondolino72,
1473610617688887298,PuntoCriticoWeb,
1473610057493397506,MarcoZini16,
1473609909996457988,MyWorld5426,
1473609863326486535,sciarrone66,
1473609423599845380,franzfume,
1473609124399177728,John64241324,
1473608640225591296,MarySpes,
1473608604569718785,giacomofaustini,
1473608465264349185,LLatlife,
1473608243893219329,Luanastretti1,
1473608185005195270,Luanastretti1,
1473607693470416899,malinca73,
1473607607881547779,jonasvibess,
1473607445343780870,malinca73,
1473607304608026627,tupacshakurmofo,
1473607278842494979,salvataglia,
1473606668562964480,sferriam,
1473606664335114241,GabZeno,
1473606636031856644,MeleoFernando,
1473605810802601992,figliodeifiori,
1473605672138948610,Ilaria19425156,
1473605621094273028,NadiaPazienza,
1473605586726100992,n_piera,
1473605535140302858,alessanprudente,
1473605435752161282,evelynbani,
1473605392865312770,cordaro_enzo,
1473605211155484675,fuoripostoluogo,
1473604713681764356,MarcoCoppa,
1473604255160414212,_MrWolf_,
1473602201155219458,colvieux,
1473601858233114624,StefaniaFalone,
1473601202898227200,LaNuovaSinistra,
1473601006369968130,Miti_Vigliero,
1473600610037637123,Laura51478782,
1473599646845091846,DomenicoSortino,
1473599599508180995,SabrinaRizzi8,
1473599250193956866,laura_pi79,
1473598940436123650,francom1505,
1473598884232499206,francom1505,
1473598197293592578,hiboss_hiboss,
1473597065058033666,corroborante,
1473596258237521921,benedettacosmi,
1473596197084532739,GiuseppeRuggir5,
1473594953439797250,NicoLacetera,
1473592858842177540,GiovanniTarchi,
1473591364168388608,SamGibili1,
1473590308109754368,Loestestest,
1473590112168685570,Side73Dark,
1473590041893031938,Brigante1959,
1473589596831289347,ottobrerosa,
1473588824806727684,ilcjanpete1,
1473588752274575364,ZeniaConfusa,
1473587734048555011,fabioarrighi1,
1473586808030220288,derrick3899,
1473584902365130752,FedericoPozzol1,
1473584762983960583,Spooky_The_Tuff,
1473584417117548547,Vicval182505,
1473583693033873415,RosPalumbo1971,
1473581452877041666,Armi88Chicco,
1473581366390444035,giovcusumano,
1473581133040398337,SoniaLaVera,
1473580896917901327,hiboss_hiboss,
1473580292032151553,hiboss_hiboss,
1473579321709244419,Loredanataberl1,
1473578418256154632,LuigiColline,
1473577332631867394,Efisio31251859,
1473577183771832324,MicheleGuetta,
1473576783681359877,Majden3,
1473576383049838595,BuIISitting,
1473575904270077958,Swiety000,
1473575743049408512,giadasmars,
1473574870105702403,BuIISitting,
1473573575433015299,LunaRossa2019,
1473573298969718784,ZPeppem,
1473571523684454402,SimoneILive1,
1473570756479098884,IntSovranista,
1473570610001367054,natyslucevita,
1473570592980881413,natyslucevita,
1473570348780109824,Entreri_Arnodas,
1473570258803961857,Il_Populista_,
1473569788362473472,KessieGarcia,
1473569399751725061,sonocarl,
1473568392577798149,SilvestroCapoto,
1473568386873536512,Sakurauchi_Hime,
1473567997004500992,MaurizioSorre12,
1473567878293200897,MaurizioSorre12,
1473567834609442818,MaurizioSorre12,
1473567669681115139,pameladiverona,
1473567426008735745,SorryNs,
1473567213361811457,aseghizzi,
1473567057107161093,GhironiQuinto,
1473566321019428870,christianvega_,
1473565720466362368,EleonoraBracco,
1473565648924065794,CiccioniSe,
1473565122899681288,silvia92745700,
1473564121572462592,giusyoni,
1473563179569631233,IntSovranista,
1473562965987233792,folfra,
1473561530994208771,Daniela192601,
1473561149471965186,polasein500cc,
1473561070115737602,NichirinBlade__,
1473559142841393152,mariocomella,
1473557693675810817,Claude58487646,
1473557072948174851,LuigiF97101292,
1473554603166035968,dolores20943592,
1473552520320540684,Mauro26739276,
1473552247183519746,DrCappa,
1473551939027800066,MichelottiMarco,
1473551794647310336,FrancescaLupo15,
1473551184803815425,Calliop71453189,
1473550291572334594,gabryleeloo,
1473550186651832321,etventadv,
1473549887455346690,BertinRaffaello,
1473547689958817795,Mara1781,
1473546558054543362,Flo6713,
1473546541042487301,Xavier979,
1473543947930669059,DorboMarimba,
1473543506727784451,StaserasolounTG,
1473543095207837696,andreapino2008,
1473541810177859593,FuddausS,
1473541541918609410,unonessuno21,
1473541323110195207,73Orlando73,
1473541319507197954,Pietro_Otto,
1473540450170687488,LB19712,
1473539963358695425,Paolo49443685,
1473538854955192320,SorryNs,
1473537371991953419,Samu378,
1473537140525080578,Gingio5,
1473536596343508994,mludodc,
1473535277473882113,FrancescaLupo15,
1473535101191573506,fra_nca_,
1473534573896253443,PattyBiancacci,
1473534400784654336,mariacarla1963,
1473534047255203840,nerimatteo,
1473532982178848772,saveriodigiova1,
1473532963027656708,GualtieroSanta1,
1473530848960040963,GiancarloChimie,
1473530497150164997,GiancarloChimie,
1473529450272804864,BeccaroEnrico,
1473528041242607617,elvivalerio,
1473525413188190210,lllll66099563,
1473524556346310660,Paola5GG5,
1473523731272286210,FTibullo,
1473522395268976645,GiusyIannelli4,
1473521920251514882,Roberta56439869,
1473520550924410884,Maurizi89669463,
1473520304941150212,Tizy39781912,
1473518467584299009,2_italie,
1473516973116039174,pensivin,
1473515613553311745,Stebox2,
1473513281302274048,Frances35601317,
1473508729119121409,gitokko,
1473507669285687297,king28382,
1473507014789763073,EtienneLorenza,
1473506999086292994,llevaj,
1473505419486236674,Achille1966,
1473504971161321475,Rossell96349164,
1473493847296589826,SicilianoSum,
1473491611665543172,DorboMarimba,
1473484314776113160,komba_vany,
1473484041479499779,GianluigiPaesan,
1473478805809414144,Lefthanded08,
1473473955809869826,kalymary80,
1473473105389625354,sasharaxris,
1473470280962088963,polveredystelle,
1473468595900456966,GabrieleMejor08,
1473467290888855558,ale_battini,
1473459936306896897,ItalianTalentTV,
1473459181520891904,crisimeone,
1473458984606707712,crisimeone,
1473458962993487872,ContiMariapia,
1473455361252376576,Ivanosanz,
1473454786016067587,ZzuCicciu,
1473452717020528643,amadesss,
1473451276885188609,raffaellasalato,
1473448112761057281,LeoNoeuro,
1473447065594302464,Peter_Triscio,
1473446180726132736,antondepierro,
1473446128616185857,antondepierro,
1473446074329280515,antondepierro,
1473445102542589952,Khris_St,
1473442224880902144,Nanoalto,
1473442078734659585,valy_s,
1473441833099345921,calzelunghe17,
1473441370459283458,Domenic09598472,
1473440680269819907,nucciogatto,
1473440649231937537,Lorenzxo2,
1473439323836010506,xenonian1,
1473438570031595521,_MoonDreams,
1473437865728262144,EtienneLorenza,
1473437373367304197,Adolfom63,
1473437130542170119,Lilla16933851,
1473435443047936002,RodriCip,
1473435326727311364,zxuz53,
1473432803027169284,vicky68_,
1473432599607627778,Cesare24900199,
1473432347420864516,voltes48,
1473432214083936262,StthereseC,
1473431747954192388,Sakurauchi_Hime,
1473431420076969989,CORDESCOM,
1473431280519987204,GiuseppeDiMare,
1473430868131778561,diStasioStefano,
1473430794790178816,GianniCat,
1473430683557236742,CORDESCOM,
1473430272641310724,CarloGobbato,
1473429986040324104,ariolele,
1473429824194633729,adolar41744618,
1473429672167981061,patripatty5,
1473429291325132805,ierogamos,
1473428881407361026,MarceVann,
1473428473398140929,Patty_Rose_L,
1473427940524412929,FrancescaLupo15,
1473427635166396417,DaustoC,
1473426039871266818,warburg100,
1473425699583184905,A_Gentili,
1473425632445054991,Musso___,
1473425231209508872,zaccog,
1473424665007865860,Diego_Bruno80,
1473424602680410115,NazzarenoMi,
1473424585433526278,sossioc,
1473424062852616195,opbuckdharma,
1473423729103458306,ferillo2,
1473422365988171779,PietroCardinali,
1473421936571129862,Gabriele885,
1473421608052301827,LucaViaggio,
1473421262747750404,AG_AleGavi,
1473420981276393472,Vince80564611,
1473420935810228225,_Kaaaam_,
1473419836072112129,RealRadioLondra,
1473419705415348224,tatinap79,
1473419414355656706,FabrizioPerfumo,
1473418726246658052,Deborah07235629,
1473418559812472842,NRinascimentale,
1473417893840883728,Frances29748398,
1473417749393248261,CarpaneseSilva1,
1473417611824226313,CassandraSere,
1473417161859284999,AlessandroFolio,
1473416809336688641,laGigogin,
1473416642663260162,Massimi8900,
1473416638372397059,mm1064,
1473416625110007813,76Strix,
1473416447229628419,missypippi,
1473416378032050179,nickb857,
1473416326769225735,ladyrosmarino,
1473415840120852485,Carlitos7115,
1473415393536524293,plauto79,
1473415198102929411,GessaMarta,
1473415178410725377,dayflyer,
1473415150325612545,cybexmind,
1473414624351506444,lonewolf8719,
1473414277100937227,Paola74002834,
1473413754121564163,malicavata,
1473413669451177986,CRISTIN41967228,
1473413306908033028,TatyTDV,
1473412919635464196,marsigatto,
1473412846537093120,Lapazienzadel,
1473412794544496653,GabrieleFigini,
1473412099640541190,Renata91493146,
1473411839404949510,LuisaPistini,
1473411717476630528,il_disordine,
1473411033213677575,SettiRoberto,
1473410868067160064,anna30048679,
1473410761464627200,MaMaurizi9,
1473410645508956163,manu_etoile,
1473410228909707274,dannunzioilvate,
1473409851753652228,Dani_HD1903,
1473409648770396168,Da16481735,
1473409474203373569,maxschiavini,
1473409076663050241,cittella,
1473408830616875014,VeronelliD,
1473408788258607112,ManuPerra56,
1473408786106916873,GiorgioAntonel1,
1473408668376961033,SoqquadroM,
1473408618791849989,Alexa75005549,
1473408585912754185,albealias,
1473408496926437388,dalto87,
1473408487388504072,_surf77,
1473408217657094147,AntonellaB1985,
1473408084563443730,lambertonovara1,
1473407947749437442,paolagalant,
1473407879910551558,baccy74,
1473407864630878216,rolandoroccando,
1473407668098412545,mannersmaketh10,
1473407070334590983,annac82,
1473406896090583042,PKarpoi,
1473406566347022344,Alessandrobarix,
1473406467701194763,piaso73,
1473405930956075019,MauroCapozza,
1473405745655959567,Michela_Cucchi,
1473405504328241156,300Italia,
1473404500539064323,Monik6799,
1473404492813062150,SSCColo,
1473404427289731079,marco_turetta,
1473404351335079938,RiRi02335129,
1473404338106249219,CaputoDavide185,
1473404064629239812,Fmar18874440,
1473402959115567107,StufaMarcia1,
1473402862453542917,Matteo_Caldo_74,
1473402819306823681,Mattia_Lz,
1473402657507352585,Patrizi04166210,
1473402397754023937,Eraclanius,
1473402274579984387,Silvestro52,
1473402138294374402,G_A_V_76,
1473401728435380231,Efrem57816894,
1473401694490931207,sugar0279,
1473401614388109315,Solocarmen1,
1473401300587102208,DottFrasier,
1473400671139414021,MarySpes,
1473400504785018885,Obsolete_LG,
1473400296521015302,Iulian_b86,
1473400176039628808,indacokid,
1473400112122638343,Brownfox_51,
1473400106871361543,twittingelenaa,
1473399995810340869,cinziaberardi1,
1473399843494240259,Mario44623861,
1473399568440213506,mlpedo,
1473399546302681098,acaputo70,
1473399413351620613,AnnaOri11,
1473399377502916614,ebarbieri311,
1473399270166441991,pier2856,
1473399242542792707,GabrieMariste,
1473399147294334980,Ailand1992,
1473399108593463299,daniele19921,
1473398857186910222,RobySpeech,
1473398568845258754,VeroVeroVero100,
1473397547691651081,WTF1807,
1473397453508562946,Emilio09006503,
1473397128399577094,caterino_teresa,
1473397045658591233,elyisa83,
1473397021281337347,riccardosanna14,
1473396674504634373,S1m0n3_0rs0,
1473396618904936455,paoloabbadir,
1473396443960561668,Silvia76577767,
1473396341845995527,Silvia76577767,
1473396291266879493,Beatric04906159,
1473396250288472064,fede0891,
1473396101889859595,MontiaSerrani,
1473396068134141954,ClarkKe25897431,
1473395474774343680,NCicuta,
1473395369719570444,modesti_simone,
1473394935546134531,Vito68122235,
1473394537271803914,Beatric04906159,
1473394534319104003,MorraCata,
1473394084408709120,ironman160865,
1473393951998623754,derek_zth,
1473393939008954373,47187297Bruna,
1473393736583462916,ClitoRider,
1473393723031625736,elisa3cast,
1473393665452171273,Laura45770337,
1473393531465125895,SoniaLaVera,
1473393526255886352,AnnaLizzy68,
1473393383402090502,tozzo82,
1473393213218201603,CTodde,
1473392985316462595,Ilaria09063212,
1473392958128930822,BR1SANT,
1473392927997153282,andra_andra2021,
1473392923320647681,EmilianoBechini,
1473392895478706183,fulltilt995,
1473392871894102017,folverveine,
1473392688774975491,pinuccia222,
1473392379608584199,finneas67,
1473392327792209926,captain_jtkirk,
1473392232757608462,cravattarossa,
1473392137916108809,GianlucaStream,
1473392057951608838,angelo_marangi,
1473391985272799233,GiancarloPilus1,
1473391964871667720,FSergio84260141,
1473391822168862738,27crazyfrog,
1473391632825438208,Rickykanga,
1473391578685321220,marcelloc24,
1473391552823279620,poncinet1974,
1473391403472408580,ClaudioFailli,
1473391164543938562,68Ferrazzi,
1473391149683556357,JoeHD23,
1473391148496568322,QPeriscopica,
1473391123456479239,ChiaraMosti,
1473391007861555207,AlBorghesi,
1473390466578227200,Ariel2575,
1473390449587073031,filippo_rampa,
1473390399028879367,DeodatoRibeira,
1473390293479215120,OrtigiaP,
1473390148947693570,AnnaAlisa12,
1473390148553519110,Luis196820,
1473390110200770569,Paolo_Vig,
1473390029623857155,modamanager,
1473389952687915025,DeodatoRibeira,
1473389950817161217,Daniele85pari,
1473389924212686854,isj135,
1473389702933893123,GianandreaGorla,
1473389695644368896,GonnelliLuca,
1473389673020018690,DeodatoRibeira,
1473389650882482178,MarcoCiarmatori,
1473389493927526402,AntonioCapuozz0,
1473389415775059970,Massimo_Mete,
1473389352285782022,LapinCynthia,
1473389261978284035,yellowbeppe,
1473389201181876225,maxsto6,
1473389103358136323,lello977,
1473389069849837570,Gabau292016,
1473389018553454592,garrone_luca,
1473388919068803085,annarigel,
1473388636083269634,mia76587271,
1473388565853782019,giuseppebaggio,
1473388458886545411,sacinaro,
1473388365571624963,margore6,
1473388294092247050,Ussignur_,
1473388165285257222,rickshady,
1473388066589057027,Bolpet,
1473387940529283082,carseri,
1473387890054946817,cla_ro80,
1473387854105563142,RevengeEmi,
1473387787034505220,giulianol,
1473387704041803790,marcomorini72,
1473387564488925184,h_steni,
1473387560311431182,DriverMattia198,
1473387492367900680,Salutava_Sempre,
1473387447513980930,nantas3,
1473387383026503687,kategullo75,
1473387367276896261,rolandinoANZIO,
1473387280811315201,lorenzoloeb,
1473387169272188935,Kleli11,
1473387106315735040,SoniaLaVera,
1473387075034566657,menteveloce,
1473387074178985991,ciociana,
1473387010798895123,87Marymary,
1473386998522126343,anto_galli4,
1473386932252127232,depmyfav7,
1473386930490560512,OnofrioDG1,
1473386916045332481,SDino59,
1473386839033712642,lucabattanta,
1473386827063169024,Testament73,
1473386675426451462,alexium_alessio,
1473386634955886592,chiaraped,
1473386621588455426,EureosCriss,
1473386544711020548,mariacarla1963,
1473386479892246532,paolo_ortenzi,
1473386479812591626,Chicchi30034355,
1473386363370323971,Fratzen13,
1473385520143212555,Denise20373867,
1473384445860274183,Bartoldo81,
1473384435085099017,BR1SANT,
1473383956670210055,nevrotica9,
1473383828001628160,attilascuola,
1473383823626940416,fabiopieranton1,
1473383600628420608,DavideOberta,
1473382977979756545,fabiopieranton1,
1473382856835612674,Narcodelladeci1,
1473382727151984648,Vetro1969,
1473382598978281477,LiberoFreedom,
1473382504677715971,ParcoBuoi,
1473382206194208774,Rojas3299,
1473382177081643012,Chicchi30034355,
1473382159528439812,fghiosso,
1473382099197603843,GianniVezzani1,
1473379296597221390,elenaruggeri2,
1473378639475531778,shopenauerwho,
1473377836572549127,Nora90220792,
1473377730217623552,Marco94607833,
1473377558372700164,lucacroc71,
1473377510188593152,dok2172,
1473376974697639937,fede20412,
1473376375352475650,Dedalus12470353,
1473376358898315265,maurogab1,
1473375797545246724,Mikepub1,
1473375531613790208,MassimoVicario,
1473374866283900931,GiuseppeGp86g,
1473374419661819908,TemaMarco60,
1473374356566941698,Raymond90270496,
1473374236068782082,GINAMONTANAGRR,
1473373975216545801,EsoticoFabio,
1473373850423504897,Ariel2575,
1473373711273189381,GiovannaPalomb3,
1473373575344271360,chepiero19,
1473373372990033931,paoloabbadir,
1473373336826789891,Ariel2575,
1473372749754208264,maurizio_braghi,
1473372294877696012,CarpaneseSilva1,
1473371933798551565,partenopeoswiss,
1473371092643237890,ROBERTOViVi1,
1473370895553077255,Freak_Nick_,
1473369630018347014,lamadellafossa,
1473368901757112321,Elisabe09154658,
1473368678980898831,ANTONELLA844,
1473368639214608394,SAnarchia,
1473368039416606724,mandaro61,
1473367897489780736,viaggrego,
1473367865076195337,Antonio43957167,
1473366027979350023,Rosskitty77,
1473365925114093568,PheonixIt,
1473365744633225225,DobbyPlayChess,
1473365228008181762,GilCohen21,
1473365094956474380,albiuno,
1473364722019885059,modamanager,
1473363331180376066,JoKakamuKazz,
1473362873850212353,alessandro1846,
1473362459037769731,PosapianoR,
1473362291236249606,dileguossi,
1473362175771164673,chrcapuano,
1473362001623719940,DM_Deluca,
1473361640867475473,Danielasolare61,
1473361409446531073,gitokko,
1473360286396657672,robymark1,
1473359818358501376,Aarsenalabroni1,
1473359460232007684,brikka69,
1473358835544961033,RomanatoM,
1473358157044985867,MrtglcCh,
1473356972976181248,corrado_savio,
1473355428792786947,BiascoSimona,
1473354688158441473,Ilmedioevale,
1473354501658750977,GiacomoFaletti,
1473354433568428039,david_zhri8,
1473354384105000962,accidentiame,
1473354328186494976,StudioZappa,
1473354299455557636,Peppe_Doronzo,
1473353303337705482,Max53156778,
1473352862461841412,steganiania,
1473352834687111171,paolovarsi1,
1473352681599250437,mauronycity,
1473352586505900036,monicarinca,
1473352295391891456,gufolibero,
1473352240694018058,filomenavizza,
1473351265002344450,AntigoneCris,
1473351223461957636,PKarpoi,
1473350928006852610,MaridaPistono,
1473348970994876427,cathyDS_26,
1473348845555929090,mart1namichiel1,
1473348627875651594,cathyDS_26,
1473348399885860864,ironman160865,
1473347969789349892,peggiosatira,
1473347560668635140,AleksL74,
1473347212843307012,DemosLandia,
1473347096916934666,Kealkill5,
1473346078892298242,AgilUlf900,
1473345947765727234,Peter_Italy,
1473345784980643840,ilpalombaro,
1473345282318471172,Dadazyb,
1473345020962951171,Filipposixflag,
1473343485789057027,Peter_Italy,
1473343459578814467,zarkon85,
1473343193211097092,Ernesto23710724,
1473342364899028993,catesi79,
1473340921072787465,75Ginny,
1473339676199374848,fede20412,
1473339029831798785,AnnaP1953,
1473338725690232836,kategullo75,
1473338215700512775,aranciaverde,
1473337537351630857,Nico01042014,
1473336975621042181,MyWorld5426,
1473336950375464965,mariuccia12345,
1473336392746999831,LucianaPascali3,
1473336194499059715,Vincent20896893,
1473336193656016908,GianlucaZx,
1473335904215388167,marrocco52,
1473335903590440961,Venere781,
1473335467638677505,eroe_max,
1473334585043951620,Nicola23453287,
1473332298137444358,Testament73,
1473331972827197442,Luckyma89652325,
1473331180170797057,komba_vany,
1473330239879143427,Diego_Bruno80,
1473329875633250311,russopino65,
1473329511013965824,Sv6714,
1473328358234726403,GianandreaGorla,
1473327242117894149,TaniaHammer1,
1473327213722353670,TaniaHammer1,
1473327188728586251,TaniaHammer1,
1473325841203486727,hiboss_hiboss,
1473325734231957506,JJ1897JJ,
1473324121106886661,Alexct9,
1473323966831988741,Soffrodinsomma,
1473322367329918984,ddinno,
1473321460500508681,nerimatteo,
1473320701650161666,evelynbani,
1473320126531391498,Ariel2575,
1473319533817614336,ninacs81,
1473318571124084741,emilio05714955,
1473318079203627011,zannazyu,
1473317688609017866,Piero42395724,
1473317320617517057,giorgiaa26,
1473316721129885698,PatriziaToffol2,
1473316594352898059,Isabell87630000,
1473316048866840576,feltlikelove,
1473315311457816580,PuntoCriticoWeb,
1473314129863663628,infosferanews,
1473313790959796233,HexHyte,
1473313769925267466,HexHyte,
1473313754398003211,HexHyte,
1473313713574891520,HexHyte,
1473313697338691588,StefanoDelCarr2,
1473311778360762379,CinziaVezzoli,
1473311739139825675,Ariel2575,
1473309385665429511,afrodite1969,
1473308623870861320,soniabetz1,
1473307911329832962,guglielmi_mary,
1473307465693413377,LucioEnBolivia,
1473307436626944003,Domsca20x,
1473306938729537551,HaStatoTrump,
1473306866340007936,levante74,
1473306243137691649,CedroneBruno,
1473305582107082756,komba_vany,
1473305491606544392,maxmaximum63,
1473305250555699208,Mikepub1,
1473304953758400514,DavidG__,
1473304523427004427,mariobbbrega,
1473304354069307396,aldo_rovi,
1473303942985658371,anodo59,
1473302697034063883,Biagiothai,
1473301170773016576,hotgrlbum,
1473300760066768899,vincengiove,
1473300525420531712,Maryljacb,
1473299310179721218,JeanMartin72,
1473299262784086016,JeanMartin72,
1473298899104378883,JeanMartin72,
1473298874941026304,JeanMartin72,
1473298771559829505,JeanMartin72,
1473297674015318018,paoloabbadir,
1473297596609351685,GayaVV2,
1473296839860445189,JeanMartin72,
1473296813679693834,JeanMartin72,
1473296784164282371,pigi74,
1473296700357988353,Gabriel92173003,
1473296534917861376,mrmnft,
1473296456207552517,GayaVV2,
1473296456027185159,JeanMartin72,
1473296408019144704,JeanMartin72,
1473296362682863620,JeanMartin72,
1473296256722161666,GayaVV2,
1473296218386317318,mrmnft,
1473296023099486213,Gabriel92173003,
1473295640889372682,MarchePinna,
1473295189280268289,4Tchat,
1473294826661625858,Vvelasciavivere,
1473294383466389504,Cris94737949,
1473294356098465805,chiarapellegri9,
1473293479543517184,Sveva246,
1473292469626458114,Gabrigrifo1,
1473292422897623044,federicafavero,
1473292068239855620,Venere781,
1473291901163999242,succodilimone1,
1473290999166377984,Stefania_1972,
1473290482608447489,baccy74,
1473288728202334209,salvo040367,
1473287262850985994,MorganF25402112,
1473286895702528003,acquario25,
1473286715511033862,LoriLorypaolo,
1473285557618884612,marco_turetta,
1473285062569431042,fabio_ghiglione,
1473284963479003137,ale_battini,
1473284890456215559,fabrizio1972b,
1473284551023677442,francobozzetti,
1473283939934605317,valeriafrasca,
1473283692780998662,MonicaMofanta,
1473283150419841025,AleB36178648,
1473282968072433669,Nessuno01333091,
1473281006543200275,4Tchat,
1473280864352182278,danilocaruso78,
1473280688879194116,GianMcdr,
1473280333030305798,TytoAlb82433730,
1473279950065213441,serenel14278447,
1473279684267941889,Ferdi210379,
1473279673941598209,Maurofabio31,
1473279127440535559,giovannitrivel3,
1473278864256344070,manu_etoile,
1473278450664419334,BenSeba62317259,
1473278334025048064,PAOLAGOSTINI,
1473277613116469252,ModernoAlex,
1473277310937747456,IntSovranista,
1473276815460425729,GPTurchi,
1473276727136825345,roby011268,
1473276586669580299,silvia92745700,
1473275772416757760,rodcostakiwi,
1473275470468763659,carlokarl,
1473275437707055108,FabioFZ3,
1473275192902311936,Bluerose6898,
1473272924371042312,monica84031149,
1473272469440147456,SimonGrasso,
1473272318252269575,brusco25,
1473271954455113728,Yogaolic,
1473271525851676674,Nadiapiani,
1473269374995869706,Adm_Ackbar_1983,
1473268587171303426,ilarysotgiu1,
1473267706086449158,Alessan89992735,
1473267382118400004,mark_dive,
1473267279618007042,giulyvacc,
1473266741212028931,Raymond90270496,
1473265777906171916,GianandreaGorla,
1473264377524588548,Il_Populista_,
1473264195370115076,CiaoGrosso,
1473264153628495873,FioreFio4,
1473263848421568512,dottorossonero,
1473263712995880961,AnnaMariaCastel,
1473262670396772356,Ale79Friul,
1473262083106123791,Carlo10309,
1473262015854661632,bwin1966,
1473261832752308225,Cristia05271758,
1473260875695931395,ABrusaaa,
1473260336602046472,natyslucevita,
1473260232327544834,BuIISitting,
1473259837496643587,Luckyma89652325,
1473259719372455939,dado75x,
1473259704008777731,GhitaIacono,
1473259007674654722,RevengeEmi,
1473258954457288708,RevengeEmi,
1473258743982866441,MarabottoMP,
1473258646884737024,bordienrico,
1473258312347049986,emmerudes,
1473258098676703233,RevengeEmi,
1473258008255897600,ProfetiGiulia,
1473257545204740107,Mariang47614228,
1473256998271700993,RevengeEmi,
1473256971046375425,LauraValli,
1473256809100021762,Pi2Ze2ta,
1473256683094876163,Khris_St,
1473256680821596166,simo_mk,
1473254150737735685,SmartWolf20july,
1473253732481748998,DiegoCa_73,
1473253580530495496,stevelaces,
1473253407263805441,tuttologo2000,
1473253288392941573,M4rco1973,
1473253267551494152,76Pier,
1473253047233036290,Vale339Vale,
1473251807749152769,tizianaoriana,
1473251583995568131,LauraValli,
1473251489527353348,mirella2spa,
1473251321994170373,avv_gr,
1473250579308855299,Dondolino72,
1473250222885199875,gilardisil,
1473250046523101190,viralvideovlogs,
1473250040768569350,Mariang47614228,
1473249226184347648,polloncombinag5,
1473248425537937410,Vvelasciavivere,
1473247335517990917,komba_vany,
1473247271349272581,Borimail15X,
1473247176990105600,luglio1972,
1473246935817596931,Agnolut,
1473246688055894018,Brubbis01,
1473246687707676677,Doc101Doc,
1473246683505086465,1solocapitan,
1473246592018878469,eowyn962010,
1473246420241108996,Brubbis01,
1473246161603604481,LPincia,
1473245801639993345,Tittina93lameyo,
1473245519493447680,so_matic,
1473244999903027205,NazzarenoMi,
1473244341883871234,LuigiF97101292,
1473244311349252099,roxytox11,
1473243899242160128,AltoTagliato,
1473243385293328384,MaurizioFuochi,
1473242752028659712,mirko76vicenza,
1473242673075171340,Tribonacci1,
1473242466308526088,mariecristineb1,
1473242352487649280,eris_oje,
1473241966649430019,MondoTlc,
1473241770209206277,MondoTlc,
1473241515203907586,babitabby,
1473241298257817601,Marco1999Busa,
1473241143467028482,gioman73,
1473240788796645377,marziodb,
1473240716994392066,bb_1774,
1473239507797360643,MaurizioGamba78,
1473239357557514242,LucaSp1d3rm,
1473238741804363781,Annalis04484378,
1473238242761879555,LargeDenis,
1473238036368531456,adeleblabla95,
1473238018504933380,EvaGeminati,
1473237844508479494,haveabitcoin,
1473237804712964102,OmarJordan54,
1473236668249522180,WilliamXIV_,
1473236560380403714,giuantvil,
1473236443241881605,metaanto,
1473236209388425217,LudovicoFVisen1,
1473235120547151875,Claudia_2774,
1473234804464365568,TonusAldo,
1473234780670115844,TonusAldo,
1473234733375148040,MariaNadiaMai2,
1473234663762235398,quike1974,
1473234630971211783,LPincia,
1473234295569461253,leonessa1864,
1473234279383674883,monicarinca,
1473234036231397378,Carmela_oltre,
1473233334415282179,atweetfromvale,
1473233325405917189,CapitaleIl,
1473233063530401794,marcizzi6,
1473232761053978625,Gigadesires,
1473232733715537926,TonusAldo,
1473232667240026112,TonusAldo,
1473232659803422728,BuIISitting,
1473232577897062402,Janus02886680,
1473232196106391554,monicarinca,
1473231910327496705,VotaSpartaco,
1473230903640010759,JohnHard3,
1473230145964199945,silvias_72,
1473229786696884225,zaccog,
1473229743390609414,Spenk78,
1473229210915323904,gal_gio,
1473228860141584388,carlo_conforti,
1473228660996022274,Gaby45yo1,
1473228607577276420,silvias_72,
1473228254387580929,470simone,
1473227806716960770,staff36967903,
1473227596515184643,riccardosanna14,
1473226980891967488,Scontrosadrya,
1473226074687512578,FioreFio4,
1473225999726915593,Radio3tweet,
1473225972598153219,HalleyAitou,
1473224835216072708,blusewillis1,
1473224733701378057,xblunotte,
1473224704341250050,Mikepub1,
1473224377747578884,albertotozzi3,
1473223907159298048,OrizOrizzonte,
1473223653051539461,CordioliMirco,
1473223281281052675,Fabrizi80936813,
1473223163626541056,silvi_gio_2020,
1473223126809026561,AlbertoDazzani,
1473223024644136963,Dear_Inanna_Z,
1473222998937284610,silvi_gio_2020,
1473222835766181888,LB19712,
1473222755663458311,Dear_Inanna_Z,
1473222638126440449,vitcastagna,
1473222588499476481,rob_arci,
1473222495750823940,LB19712,
1473222272857083908,RaiNews,
1473222147019522053,AlexS8338,
1473221847500136448,Napalm51,
1473221742592208901,boletusatanas,
1473221485812715522,cuoreitaliano7,
1473221236176134149,MarySpes,
1473221105460654082,Profilo3Marco,
1473220715738537989,luigi_desio,
1473220332945350658,cindykia25644,
1473219777166340098,Pietro12846794,
1473218518946660352,the_hunterbig,
1473218152981012484,cindykia25644,
1473217892883779591,paolasalvetti,
1473217851423088644,AlessandroV1953,
1473217829616951299,MagiFausto,
1473217470613889024,Nicolet84520681,
1473217261532061697,criva222,
1473217243379118080,alessandro1846,
1473217109350100998,takethedate,
1473216957478494208,PaolaAnna8,
1473216661830385665,monsieuu,
1473216574609887233,ResPubl79983835,
1473216529705672706,francescolett11,
1473216518783709190,OmarJordan54,
1473216445333057539,LPincia,
1473216349455458314,autoctoNO_it,
1473216124430991362,ElisaCastelli84,
1473215748440997892,Anna302478978,
1473215743831552000,francescolett11,
1473215388586496000,benegesserit33,
1473214777828810755,Claudie9223,
1473214776398553090,invisiblearabs,
1473214710749216769,Albex751,
1473214558592544768,MonicaRossoNera,
1473214281537761283,salvataglia,
1473214260020981767,rikercommander,
1473214128022081545,Albex751,
1473213681974525956,PaolaAnna8,
1473213128225796096,TommyBrain,
1473213124606152708,TommyBrain,
1473213110727188481,IacobellisT,
1473213107174584329,IacobellisT,
1473212973506351107,paolobura1,
1473212932485955586,MenegazziMarina,
1473212763128442880,Simone891108401,
1473212325800955907,CordioliMirco,
1473212022842183685,LavoroLuogo,
1473211627558387712,BenedettaPetru6,
1473211433705951234,PKarpoi,
1473211193305280516,LaTentatrice,
1473210961540571137,pasqualezirpoli,
1473210865067429892,sant_px,
1473210842585964548,robymark1,
1473210709353897984,robymark1,
1473210590764015618,Zurito70,
1473210504688676864,CORDESCOM,
1473210226786684931,73rv,
1473210112185618435,missypippi,
1473210095282626560,Eo10374352,
1473209826410967046,StefaniaFalone,
1473209783096381441,shopenauerwho,
1473209657149775876,Edogio64,
1473209504212922372,TTNHEC,
1473208916184023048,Testament73,
1473208877063749632,charliecarla,
1473208269405577219,CarloSorrentini,
1473208260727562241,dodipertutti,
1473208097820880899,magicamirta,
1473207978195144708,Fidelio_H,
1473207966690164737,dina_poli,
1473207942203777025,siriapelle,
1473207134150082566,PieroVendramel,
1473207129871953923,alexstocco,
1473207125447004161,iostoconCRISTO,
1473207076260306944,DM_Deluca,
1473206814128984064,EsercitoBalanzo,
1473206707371352070,metaanto,
1473206570045820928,mac1090847166,
1473206345604210689,phrankea,
1473206302272860165,alex_antony17,
1473206240113266690,alex_antony17,
1473206130562187267,angela66762414,
1473206124006498310,GDeccia,
1473205800281817099,GordonGekko1970,
1473205667225821186,Sweenytapi,
1473205647504285696,attilascuola,
1473205545838465025,me_desaparecido,
1473205038440984580,TemaMarco60,
1473204153036021767,clamar65,
1473204020164579330,MaurizioGamba78,
1473204014586204165,eritto1900,
1473203692677607428,anna30048679,
1473203037900611584,mlpedo,
1473202959555117063,mlpedo,
1473202735860301826,Patrizi83078394,
1473202580146774017,pier2856,
1473202515994890251,SorryNs,
1473202090453438473,iq_196,
1473201984773799939,lignobile63,
1473201881887477763,Gianniallu,
1473201716183109632,yuna_hikari,
1473201416726528003,FabryMali,
1473201377945997313,CelottiMaura,
1473200629644419075,GianandreaGorla,
1473200547541000197,FrancescoSaro,
1473200415936331783,AlbeMoroni,
1473200266132574211,lametabasta,
1473199913383120901,lukewebsurfer,
1473199831703334913,Maurizi89669463,
1473199411660566529,lorenzmariapia,
1473199346380328960,LauraCarrese,
1473199345851944963,nnnuvola,
1473199324880375810,sferriam,
1473199147767451648,JacZan,
1473199132479303685,FioreFio4,
1473199008537624579,nicdundee,
1473198761837047813,MinutemanItaly,
1473198740525699080,afgibi,
1473198605037092866,lametabasta,
1473198409116966913,kajacaprari,
1473198383510831108,CocciaPier,
1473198313260396545,Aleph272,
1473198272600805376,maryfagi,
1473198268523986946,robymonaldi2,
1473198187997507586,SilvanoSalviato,
1473198187515199489,SasageyoESM,
1473198179336302594,katrinyanuo,
1473198059022659588,Loris11971139,
1473197931029278721,DeodatoRibeira,
1473197928097492996,laboescapes,
1473197402752434177,dannysoceans,
1473197390966439937,IAMFabioS,
1473197341809197062,Pheet21,
1473197311744520193,CiampoliGaspare,
1473197238302167041,FabrizioPerfumo,
1473197195281276935,BabuzStella,
1473197140432363524,Argantua1,
1473197046572195843,natyslucevita,
1473196988166557696,MarioCostanzo16,
1473196418919800837,AlexVittadello,
1473196376049782787,AlexVittadello,
1473196333301477378,AlexVittadello,
1473196276225355781,rita48802996,
1473196040564228096,dodipertutti,
1473195972817731584,ivanacristofane,
1473195811781726212,BlofeldSchwab,
1473195757054435332,lorenzmariapia,
1473195742504402946,TAL77SVAD,
1473195518738276357,PFiamingo,
1473195496701313024,EmilianoSilv74,
1473195353025531904,Gio43797420,
1473195338299281412,MoroniMirna,
1473195276089405444,GiuxVivi,
1473195269672120321,cuoreitaliano7,
1473195174201376768,MastroRadu,
1473195069788364800,Andrew_bahbah,
1473194897264070659,Monik6799,
1473194879580844035,signorile00,
1473194780037468162,kadreg1,
1473194663922352133,fabiottofab,
1473194632137826306,rita48802996,
1473194607815049218,SStef_III,
1473194523429941250,Global16938439,
1473194199528919042,memaudsem,
1473194094461657088,NadiaPolo2,
1473193975238516743,eldavide77,
1473193094694813700,Urielbertolami,
1473193067717042176,SanMasso2,
1473192651788886016,eyenoless,
1473192514266013698,Claudoc3,
1473192259269111814,Kick57624616,
1473192048798879749,tiber_h,
1473191553447387137,Roberto53402737,
1473191466759593985,GNN1960,
1473191429539311617,ClaudioTosi13,
1473191223968116738,SilvanoSalviato,
1473191079264628741,luca20425,
1473191004744343554,DipinoFrancesco,
1473190811760214027,dianaterza,
1473190737886027776,donyp00288476,
1473190727203106825,Mara1781,
1473190473296711683,FasioloGino,
1473190425091612676,eowyn962010,
1473190199869980672,FLampunio,
1473189646796476419,MoroniMirna,
1473189535102210053,anto_galli4,
1473189455783772165,anto_galli4,
1473189226523115521,Fabri_icio_,
1473189138501455873,CorviStefania,
1473189043189993475,marco_moggio,
1473188976056053760,MaurizioCimino2,
1473188576779288578,menadelgiudice1,
1473188469895749635,mihirdjin,
1473188441529765893,AlessandraBald3,
1473188439902367747,assaloni,
1473188105326899202,SStef_III,
1473188098490212353,AmicoPutativo,
1473188096095182850,JJ1897JJ,
1473187884903682048,Gemge_Pot,
1473187505331712003,gbaglioni,
1473187275202772996,fabrydr,
1473186969349992449,fedebonny86,
1473186700973285380,GiuliaDeLuca82,
1473186641359556616,DigennalL,
1473186513584377856,Satirev4,
1473186099598180352,pierecall,
1473185637503279107,Gemge_Pot,
1473185631069249536,Cesare6677,
1473185617420947457,AFKStandby,
1473185536521252864,armandopix,
1473185328303423493,1GMarco,
1473185049465999361,andra_andra2021,
1473185020575637511,pierluigirolli,
1473184962773979141,Fragar1970,
1473184556954132481,scimmiaintesta,
1473184353446510594,_Cinico2_,
1473184184051146753,MentazB,
1473183986092548096,Daniela192601,
1473183787152465922,FabrizioNeri5,
1473183694248677379,SStef_III,
1473183543178186758,Davide72,
1473183473007480833,Davide72,
1473183236675223553,IvoAyrton,
1473183236268376064,Aledicecose_,
1473183174771499012,_CuiProdest,
1473183067691012098,2_italie,
1473182934882570240,Patty_Rose_L,
1473182913319641088,Susy_1968,
1473182883040878596,68Ferrazzi,
1473182747451605001,BR1SANT,
1473182694028812288,eldubbioso1,
1473182669265641476,supercap70,
1473182489443246081,francorossi969,
1473182487400660993,GcomeGloriaa,
1473182360304771075,corradopiobbico,
1473182340960722953,marcellosantell,
1473182295200878596,GcomeGloriaa,
1473182196169072640,Camy391023221,
1473182129236455433,GcomeGloriaa,
1473182108294205444,giuz73,
1473182099230363654,giuantvil,
1473181913217130497,ofrakia,
1473181700612046848,026f6562bd0a48a,
1473181582387204096,vaniacavi,
1473181456180596741,mrcrto,
1473181310420242432,Latrinaeuropa,
1473181282154823680,Laura45770337,
1473181241256067073,francescagatt17,
1473181181046886400,Martina95190659,
1473181058795552770,ninacs81,
1473181057373638658,ciptwee,
1473180693068922880,barbarab1974,
1473180582104518658,ClaudioMarsilio,
1473180535761608706,Diego_Bruno80,
1473180141958410243,Riccardo_criait,
1473179958998622210,robymonaldi2,
1473179131122749440,LinaParenza,
1473178797792976898,2_pavani,
1473178400294592513,DomenicaNardie1,
1473178309219561472,BloodydaWarlock,
1473178296821161989,battmark2,
1473177856981229568,raffaeleboccone,
1473177716421808128,DesteDanilo,
1473177509227343878,S_Wandemberg,
1473177440176545795,corona_tweet,
1473177429577502723,MarcoPic12,
1473177377601736712,GiovanniGiuli,
1473177341283254274,wpbot_rt,
1473177334819827713,CORDESCOM,
1473177162043768838,rodolfocorrenti,
1473177109820489730,MarcoPic12,
1473177044380958720,Spenk78,
1473176667782893568,Joeledix,
1473176649197891588,EauDeNapalm,
1473176595850575872,ernestocaprari,
1473175938334695429,Diego_Bruno80,
1473175897335345152,GiovanniEmme01,
1473175600722497541,Marceli91113868,
1473175545802371073,Agnolut,
1473175258958028802,alexio747,
1473174691699478530,giacomensa,
1473174038650540032,BR1SANT,
1473173752288534528,BR1SANT,
1473172526884868097,GcColombo,
1473172427270144002,colella_aniello,
1473171984456597508,emanugi07,
1473171944031899649,Massimo94238231,
1473171766235340801,Nunzio76512527,
1473171545652609025,Mario44623861,
1473169712670511108,LawAncora,
1473168652417568769,frama1111,
1473168113013346307,AL_Vittoria,
1473167576524070915,karenPollon,
1473167570828242948,JosephGhorna,
1473167305223942145,PDTSMN,
1473166792222720001,Stefani48072919,
1473166712270950403,quasisale,
1473166629542506496,AragonaStefano,
1473166495266099200,AcidamenteBea,
1473166324897615875,albo_interista,
1473166171088248836,BR1SANT,
1473166137600925702,ghioldip,
1473165782070792199,Paola48277121,
1473165730581471236,FiDVicenza,
1473165637497376768,SEVIPRENDO,
1473165366218084358,BR1SANT,
1473164909701705732,Marceli91113868,
1473163769719230470,Roberto06332859,
1473163592530862080,CucchiarelliX,
1473163005970030594,JoPisp82,
1473163001154965506,ariolele,
1473162565299707906,amadesss,
1473162351679574018,Laura45770337,
1473161697892442112,Grand_Battery,
1473161446188105728,valentinadigrav,
1473160167038590980,AnbuRoots,
1473160025157816327,BenedettaPetru6,
1473159579055841282,AnbuRoots,
1473159413179592708,Elewhatelse3,
1473159030080163842,obisettantadue,
1473158517943148544,Divita14Franco,
1473158445616488449,ninacs81,
1473157553626525700,Divita14Franco,
1473156234492755968,nicolagatti79,
1473155949724684292,giovanna_edv,
1473155801451798531,mbanzi7,
1473155236701343744,Xornas2,
1473154632184737792,GibelliniPaolo,
1473154524848218114,Roberto29732938,
1473152440870572033,giorgiogaias,
1473152404510195712,LBasemi,
1473152253951463427,TAL77SVAD,
1473150473947463682,emded6,
1473148965851967492,GioVanDal,
1473148352577654786,zettai_Ari,
1473146967899488259,AfinetAlberto,
1473146527388479489,Mario_C_1,
1473145283689263107,vendutoschifoso,
1473144353505910785,iostoconCRISTO,
1473143422521389059,enmammas,
1473142681832501252,Aleohoh69,
1473142278529196032,alessiopadella,
1473142147977199618,Armandoann4,
1473142117073620993,CercielloRenato,
1473141238991929344,alessiopadella,
1473138567585087492,RosaniFlavia,
1473138471208378371,ZanellaRina,
1473136443862228994,Mintauros1,
1473134161208696833,FuddausS,
1473133822980022272,Bob86591692,
1473132902149939202,DorboMarimba,
1473131919793692673,guidop1967,
1473131631745634307,NCicuta,
1473130924451799041,LucaViaggio,
1473130072240529412,LucaViaggio,
1473129947891908612,CedroneBruno,
1473129671592222726,TuttoQuaNews,
1473126481790443531,Thelma02559007,
1473126316912386058,pensivin,
1473122653552664581,Pessi102,
1473122015620046849,modamanager,
1473116160354836484,probo8,
1473115497549942786,piaso73,
1473112951603224577,Paolo_Banzatti,
1473110638490750977,erreoess,
1473108961930973186,DanielaV947,
1473107416892026880,bluewizardofs,
1473106720662728704,Noemi80206188,
1473106331406155780,Esterin62237731,
1473105495565254658,Esterin62237731,
1473104449891676167,CarpaneseSilva1,
1473103815486418948,StefaniaVaselli,
1473103390670565380,StefaniaVaselli,
1473103204846088195,ilcupo_m,
1473101353224482816,modesti_simone,
1473100258120978441,DavideGiordy99,
1473100101459628033,Giovann63114928,
1473100095541460998,JunipersV,
1473096699816128513,NazzarenoMi,
1473094996802904067,aleperfetweet,
1473094125490745344,Alexct9,
1473094038186307592,FlaviaRamadori,
1473093337343315973,LaSpengo,
1473093244569403395,GianlucaStream,
1473093040143142914,deniise6778,
1473092059338846208,salvataglia,
1473091526716706819,maximilian1971,
1473090984296816641,ManuPerra56,
1473090553877352455,ACCEDIALSITO,
1473090135587758084,Loestestest,
1473090087143587847,Claudia19485227,
1473090029228630019,Claudia19485227,
1473090016691826701,Rogertw66,
1473089697673105411,Ewavolpones84,
1473089611727609856,SamGibili1,
1473089290938863621,MarySpes,
1473087996308205570,giulianol,
1473087831287468034,_Velies_,
1473087480111206401,AGalli99,
1473087370387992582,PubblicoDebito,
1473086667993059331,LuigiF97101292,
1473086350497042433,LykanLA,
1473086057713442816,albertotozzi3,
1473085859654258691,ilPontormo,
1473085180495732744,atestaltasempre,
1473084926211858439,atestaltasempre,
1473084702999392264,Giovann73066691,
1473083014238326800,Domenico1oo777,
1473082982693060612,piersar62,
1473082801893298178,filippocecchin2,
1473082608720519183,paolo_ortenzi,
1473082444156833793,Antonel73347356,
1473082128179027972,Roberto41788248,
1473081852575600644,Poiana46,
1473081809776820230,GrandeTornado1,
1473081763245309955,MarySpes,
1473080897427714051,filippocecchin2,
1473080538495963136,Massimo46572086,
1473080511769853952,PKarpoi,
1473079657234903047,MarySpes,
1473079442398457863,francom1505,
1473079337436000257,ladyonorato,
1473079274093654026,etherea_etherea,
1473078505328025611,annaghilardi,
1473078299152859138,callisto02,
1473077989755822084,Emoisonline,
1473077836193882120,You_go77,
1473077674222526466,atestaltasempre,
1473077216724586498,Efesto51,
1473077036940132352,AcciaioMario,
1473076313388900360,polotti_,
1473076072434520071,nacho56394118,
1473075262195707905,DeodatoRibeira,
1473075232072245259,Federic39674782,
1473074770451251201,carloangeli,
1473074423519490050,abitudinario,
1473074349620043787,lorenzoiraci,
1473074146741567496,robulga,
1473073692364189696,DavideRTramonta,
1473073658121830403,giulianol,
1473073582427287558,Sdf4774,
1473073474935611392,AChierchini,
1473073057614999557,Valeria46552923,
1473072909845508099,LoSplendido,
1473072797769519108,bar1_bruno,
1473072571285442567,FrankGooses,
1473072472044060676,bar1_bruno,
1473072302027849728,travan28,
1473072146435948549,silvyghi,
1473071730813976584,pepppe772,
1473071570562260993,LuigiIvanV,
1473071466321260552,abitudinario,
1473070617142386691,giulianol,
1473070323197222916,kate81315714,
1473070320751980548,carmenvanetti1,
1473070215411949568,bar1_bruno,
1473070073204068352,Verdoux11,
1473070063796338688,GianniVezzani1,
1473069821076119558,Alessia_ing,
1473069815615176707,rosaroccaforte,
1473068607009665028,travan28,
1473068528177659911,2Nostalgico,
1473068496338751493,manuel08238248,
1473068218264784901,italianavera333,
1473067793855791116,me_desaparecido,
1473067779175632900,AttaloDecio,
1473067693276282885,eldavide77,
1473067596153081858,P_ompeo,
1473067584304078849,Iulian_b86,
1473066875768774656,arcoberici,
1473066672600887299,Steoshi,
1473066548185251848,MenegazziMarina,
1473066440613928966,Torex1979,
1473066279003115530,Nicolet84520681,
1473066193938526212,sergimagugliani,
1473065883027517440,Your3rdE,
1473065572049072131,DirectCons,
1473065367861973000,L2354560,
1473065301591928832,Testament73,
1473065244700336135,carolpantanifi,
1473065224928468992,CriiCorni,
1473064921030184968,notearsvcry_,
1473064880198623232,3_carpe,
1473064768726519808,Thelma02559007,
1473064604615983105,HANIA243474887,
1473064426492379140,annamariabeatr6,
1473064338344845319,matteocasari,
1473064317679546372,newsbigone,
1473064004734050310,ItalianTalentTV,
1473063932768182274,PuntoCriticoWeb,
1473063884806406147,giusi70717321,
1473063855328739334,Thelma02559007,
1473062911513931781,Alexct9,
1473062904136146953,GianniVezzani1,
1473062821256736780,LuposchiChiara,
1473062581262766080,colcuoreamille,
1473062534705987585,FinoGinofino,
1473062328992215042,ATrevisanello,
1473062297698549762,gimmi59,
1473062241264148487,AsiaSarkis,
1473062148351967235,Alessia_ing,
1473062068400054278,vivaglianimali,
1473062037035134979,BusettiCristina,
1473062005292548106,DeodatoRibeira,
1473061956508655621,VinnieVegaPF,
1473061915098288130,TSconti,
1473061816351789064,Lorenzo36522471,
1473061549828943875,StefanoPonzi,
1473061463485038602,FedeleCrus2,
1473061354550538242,sciantokescia,
1473061282316181504,MinnieMinerva2,
1473061280068284417,chilisummer,
1473061258232569856,bar1_bruno,
1473061210388144141,cybexmind,
1473060990883409934,paolo_ortenzi,
1473060910377967625,LuposchiChiara,
1473060602146963457,MarcoM17375606,
1473060533628772359,grancetto,
1473060200563290116,drsmoda,
1473060014529077254,TizianaBertoli,
1473059838607376387,76Strix,
1473059596537376787,Filipposixflag,
1473059540191088645,stefymigliori,
1473059301044408325,bfogli1,
1473058995405574151,PTambosco,
1473058937423466497,Monica2738,
1473058915273383946,PatriziaPatri10,
1473058827662671872,TrocinoChry,
1473058562398203906,ItaSottoSopra,
1473058327345221635,christian_fsi,
1473058223968116739,colonnelloedi,
1473057455466860550,christian_fsi,
1473057435531329536,fjCri72,
1473057069758656523,LiMaurizi,
1473056979610390536,PaolaSimonin,
1473056930138673168,AndreaCerino08,
1473056773275889666,Pholey_vn,
1473056736324067336,LauraV18828094,
1473056644393324555,Leo157Zotti,
1473056637145473033,alemilord,
1473056571223678977,AminelliVr,
1473055937019760641,Giorgio_SSL,
1473055812855676932,kajacaprari,
1473055525260648453,fjCri72,
1473055248335970308,lametabasta,
1473054838346948610,elenadalforno,
1473054748748271622,CardanoGerolamo,
1473054583446556676,fotomusicuoco,
1473054548746977289,pantycat,
1473054465578127361,FcaPitti,
1473054456266862592,lasmart99,
1473054351669219328,Luna61710831,
1473053573839732747,montox1,
1473053317316190211,GiorgioGa78,
1473053193869402114,atestaltasempre,
1473053091868119054,Cristin68904460,
1473052888410775556,MarySpes,
1473051981535133700,steobova,
1473051950094729217,tiber_h,
1473051947196469250,vel8206,
1473051705734541317,ikegolfer,
1473051638965309442,tupacshakurmofo,
1473050719221600261,Ecatetriformis,
1473050624321368065,AdrianoMeisRB,
1473050492532142083,47187297Bruna,
1473050355885920257,Blood4Opera,
1473050355671912456,MICIPIACE,
1473050252928290820,effe1312,
1473050252743741446,Vvincendo1,
1473050173060358157,PaolaGiglio8,
1473049765587955719,Namozne,
1473049764044365825,miagmarsuren,
1473049653704806411,JJ1897JJ,
1473049290020999174,ninoBertolino,
1473048816198856713,MariMario1,
1473048600477417477,SaraxGreen,
1473048497364606982,GppSegr,
1473048290627313672,Luca67,
1473048184628858890,MariMario1,
1473048127804432387,MariMario1,
1473048096456290306,Thelma02559007,
1473048089422356483,Loredanataberl1,
1473048069969174532,MariMario1,
1473047983239405575,MariMario1,
1473047728204791810,CalderStrak,
1473047714351005701,portarepazienza,
1473047465796546565,giovannicorosez,
1473047200850657283,4Tchat,
1473046906423152644,JasmNicoletta,
1473046761992335367,Teresatherry0,
1473046587962236931,remolabarca3,
1473046380444794893,federicandale,
1473046335968456707,Nius22380501,
1473046273280421895,FedericoCaland4,
1473046058141896715,carmelomusicsax,
1473045727861428227,Penny73070896,
1473045597267574787,RonaldoProtti,
1473045483815899141,carealbe,
1473045460063555595,ioeilmiomare,
1473045406493904897,EttoreSalvato,
1473045397719429125,Antonellaliber,
1473045292857626639,signori_massimo,
1473045183864393731,shardis1,
1473045028452896768,ilPontormo,
1473044918444732416,no_hero82,
1473044299637997572,francom1505,
1473044201046740997,Sberlik,
1473043628314570764,adrian_avr87,
1473043576342945793,JUREGRANDE,
1473042793337663493,Alexct9,
1473042754871734281,perugini,
1473041556756172803,SettiRoberto,
1473041546622685189,ManuelaColanto2,
1473041205428723723,GrandeTornado1,
1473041125711699971,ventoc,
1473041089904918535,Villix0407,
1473041050826641411,MariB7975,
1473040967225815044,CiroMar44099736,
1473040468296433667,reneelettra,
1473040322972327944,bar1_bruno,
1473040209893900290,st_75,
1473040020965670920,HankBarflyer,
1473039694053138448,Paolo31468126,
1473039560183623686,ninoBertolino,
1473039464159236099,LAURADEPS,
1473039325394874369,volalibera1,
1473039301034270721,AndreaMontana77,
1473039294101078017,iamkevin36,
1473039252002852867,87Marymary,
1473039158667010059,morettweet,
1473039147900223501,ErmesMoras1,
1473039122302480387,riccardo_cugusi,
1473039108629057539,Laura45770337,
1473038996620169223,ladyrosmarino,
1473038828831232000,GiusPecoraro,
1473038773311188992,franci1270,
1473038647830228999,salvotorrisi94,
1473038633288544271,Sim8k3,
1473038387141611525,LucaBurnout,
1473038249878827017,christinemstrg,
1473038225950265350,ribelle51,
1473038177778778113,AlexVittadello,
1473037584213417985,alepozza75,
1473037233338863616,Mario44623861,
1473037018829660169,Valenti23108938,
1473036960851763205,bayswater012,
1473036823815405572,GiorgioGa78,
1473036716038574080,robertalerici,
1473036704525303811,aspettaaspetta,
1473036656810737669,mrguasco,
1473036307249123332,scorpin4,
1473036180002328581,granati_mauro,
1473036086712623108,DianaS36,
1473036032543178753,Gigio2_0,
1473036017494069251,ancheno77,
1473036009399070720,calpurniort,
1473036008967094282,FrankyBF23,
1473036005502504962,m32346821,
1473035982840766466,alfreaudi,
1473035955992936466,GabZeno,
1473035543709687818,Gabriele885,
1473035440257216512,aua4eve,
1473035162971684871,DeodatoRibeira,
1473035009644802061,PiazzaSimonetta,
1473034981639401474,Alexct9,
1473034777326460932,j_vallerini,
1473034640432713731,LuigiColline,
1473034623324409857,aaanvabe,
1473034505061552133,j_vallerini,
1473034498535215109,mauriziano15,
1473034474321502213,Silvy6701,
1473034256477831173,Claudie9223,
1473034117029801986,LPeyretti,
1473034071295107080,dondogliocg,
1473034050046672900,Cesare6677,
1473033987518050307,cla_ro80,
1473033963300339712,Jenainsubrica,
1473033947764428802,abitudinario,
1473033802784063489,pippolamastra,
1473033581756878854,IRebell05,
1473033499041058821,luigibagnato,
1473033436378107912,ninoBertolino,
1473033435648339968,pippolamastra,
1473033049961123841,ENRICO27218318,
1473033034622504971,rosaroccaforte,
1473032816589950984,eroe_max,
1473032612809777156,MascottiMatteo,
1473032577996963844,mauriziano15,
1473032312405307394,Daniele07884113,
1473032305891549184,mrguasco,
1473032204024434690,anto_galli4,
1473032198332813318,Nessuno01333091,
1473031985136345091,Renato02030253,
1473031976173158413,capand69,
1473031691300134919,Margi624,
1473031653387915268,Totopri3,
1473031585301729295,EureosCriss,
1473031460890292230,AleC226,
1473031081242861568,Alessan50802199,
1473030875508056064,CoretoMario,
1473030733824499720,Oriettagobbigm1,
1473030681760575494,SF_RL_Featuring,
1473030404164698117,simcopter,
1473030315950100492,GiusyZaccone,
1473030265815588883,rickyrockyIV,
1473030226053681155,gemmapontini,
1473030130532597766,jobwithinternet,
1473029900412112897,just_daa,
1473029725740228621,Alberto93383706,
1473029645465497615,emiliapica53,
1473029440330416140,robymark1,
1473029324865474570,fabiottofab,
1473029002759712768,Lulu79955474,
1473028983268777988,AlessandroFolio,
1473028917829283843,ivanacristofane,
1473028798622933009,_MoonDreams,
1473028606020489221,Alessio734,
1473028552220188685,AndreaCalussi,
1473028252469977093,MarySpes,
1473027996764323847,AZambo69,
1473027865373552643,am_libera67,
1473027787623645195,ruttodibosco,
1473027768082477059,DaustoC,
1473027764542447619,Paola18439710,
1473027715922075650,pietro30199674,
1473027600960401410,alemora70,
1473027540851863562,StivalDaniele,
1473027534702972929,cerco_di_capire,
1473027516206039044,robykkk,
1473027451836059649,sabribri1977,
1473027358475145224,_antoniobraccio,
1473027314279723011,piave79,
1473027270583500807,Frances83338391,
1473027151612022788,GrimalOg,
1473026993377718272,IreneAntoniazzi,
1473026985832198152,Alessan50802199,
1473026860204310538,aua4eve,
1473026857448706053,Daniele07884113,
1473026631367536640,StefanoDelCarr2,
1473026567026589697,StivalDaniele,
1473026496998555651,giuz73,
1473026449733042179,FedericoCovili,
1473026351745712129,Simone86988935,
1473026235815141385,dino_aldo,
1473026063722819585,Munny01W,
1473025930050383877,luciani70,
1473025878292631565,francepolen,
1473025871493668878,francesco_c_69,
1473025748160200715,moriecla,
1473025544128274435,Resist_316,
1473025479972200451,sandro78486001,
1473025423189630978,Robertoo1897,
1473025342176698380,PhwCo,
1473025325676310532,gasaca26,
1473025314213224449,luciani70,
1473025228037107720,Claudia_2774,
1473025089247580172,DeodatoRibeira,
1473025087867604993,moriecla,
1473024800176148481,AglioVestito,
1473024685168287751,El3nakimou,
1473024615979139073,PinucciaRoveda,
1473024283177893898,iside50,
1473024166454513669,EnzoCare2,
1473023941694398464,rosaroccaforte,
1473023899411660802,rosaroccaforte,
1473023873016811526,TheReste1981,
1473023689054728196,redblack1980,
1473023685669883910,RinoSimeoni,
1473023615784398858,LuisaPistini,
1473023575091200004,EPICURO39417589,
1473023503607767042,elvira_e_noi,
1473023432627470338,assaloni,
1473023319167455237,Rossana46550201,
1473023297302499333,martamaura3,
1473023147209330689,donatociva,
1473023004405817349,AZambo69,
1473022790932574223,kajacaprari,
1473022745680269317,oznerol4,
1473022716093603841,mrguasco,
1473022596685914113,You_go77,
1473022435784105989,azzodacorreggio,
1473022314006597643,dembomax78,
1473022237427085319,granati_mauro,
1473022193017753608,pointextream,
1473022032346554370,melinacugliari,
1473021761096724480,dragonerossoen1,
1473021755837005824,AlamonyBoe,
1473021579386933253,Carmine13051963,
1473021444829364225,monsieuu,
1473021417071468545,Giovanni7769,
1473021396276346880,carestiato,
1473021274314137602,mrguasco,
1473021251568476164,Luca67Salmaso,
1473021214767652866,tizianaoriana,
1473021150196338693,Rogertw66,
1473021046177636353,Alcor48018,
1473020971095314433,dok2172,
1473020950350344200,Agiulian12,
1473020834629533701,MPellegrini1988,
1473020718224920581,ClaudiaBriosch7,
1473020562012258304,Iltuoincubo5,
1473020551186817035,PadreAlessio,
1473020510330138637,Luca67,
1473020346450251776,PATRIZI21156466,
1473020303014047745,pino_manolo,
1473020259040903172,ceccoangiolo,
1473020229123022853,pippocad,
1473020189134442501,anto10002,
1473020077863809026,AnimaTantra,
1473020073002643466,nickvox1,
1473020000432574466,EsoticoFabio,
1473019864805744654,girimbelli,
1473019823189856265,Dadazyb,
1473019631778603008,Domenic09598472,
1473019546147737612,lucagetti,
1473019490912944138,nopassvacc,
1473019296544698368,FedericoPostet,
1473019219650531333,Mariari30057064,
1473019154684944386,claudio83628997,
1473019090700800003,Max_Tacconi,
1473019050825555970,la_helka,
1473018982030577664,theMauroboss,
1473018972207525893,DG8219,
1473018958538330119,RobertoAli20,
1473018831505350659,alilanza79,
1473018818742165507,Brigante1959,
1473018762395897857,claudio83628997,
1473018686076243978,deogiu,
1473018661300576261,arwen0506,
1473018628555653127,ele9061,
1473018582745366528,NadiaBarili,
1473018478957416465,MinnieMinerva2,
1473018293166514186,MinnieMinerva2,
1473018258378866699,DeodatoRibeira,
1473018245062041608,cammisa_massimo,
1473018226783174660,Mukenin,
1473018033274822657,fabioferrero71,
1473018024680693768,robymark1,
1473017805071130631,templare2021,
1473017795235524608,barbaralai84,
1473017787299860489,g_piacente,
1473017657368657927,paoloabbadir,
1473017573235118088,MarySpes,
1473017357182328835,Alessan42745900,
1473017314857652228,PATRIZI21156466,
1473017283396177930,seaborn3,
1473017256401637387,GNovizio,
1473017255365652493,AntonioBergami4,
1473017185744441351,Bobbio65M,
1473017106732044290,lametabasta,
1473017036775243786,47187297Bruna,
1473016942890045441,mejustme1908,
1473016920643411975,DRusconi,
1473016881409888270,PierreDBorrelli,
1473016872115519488,dembomax78,
1473016854218260491,ddinno,
1473016793564434432,HankBarflyer,
1473016664199516172,ariolele,
1473016642615619594,Gabriel92173003,
1473016609224679429,Mario44623861,
1473016472012300289,alkhimiyah,
1473016463657218053,zxuz53,
1473016406996402183,Cleopatra2020x,
1473016290700935176,SisterBis,
1473016167526973440,Marino22874954,
1473016144911024134,Luca67,
1473016098123653129,lucapierani1,
1473016055115173891,enzo_acca,
1473015950630965256,DavideOberta,
1473015872021319686,xposeidone,
1473015846813540362,fabioblu128,
1473015712528613378,melomonaco86,
1473015668933107721,sciantokescia,
1473015547889602565,Claude_Seventy,
1473015540939644932,silvias_72,
1473015470345404417,SantisErminio,
1473015443044675591,Massimo94238231,
1473015438724546566,lametabasta,
1473015401898516488,Kleli11,
1473015215558172675,Beatric31517150,
1473015020757868556,SilenziBruno,
1473015016450314242,GastoneMappini,
1473014975866224640,Maryro71,
1473014837932404743,Barbara18376087,
1473014766746619910,MP04011972,
1473014752662245385,TTagliaa,
1473014668973285392,Matthley73,
1473014576430174210,Fbenotti,
1473014574630817798,Vincenz83942981,
1473014531798573066,lugian76,
1473014483203280909,gooblin73_83196,
1473014391104839689,DaustoC,
1473014355470000137,bastacosi15,
1473014354127765504,bar1_bruno,
1473014249870012422,Stefano37667231,
1473014208824582145,MarySpes,
1473014201086062596,Loianna22,
1473014158912364546,BR1SANT,
1473014147264749573,6harvest_ny,
1473014039244587027,pualai,
1473014030197481479,bisegna_stefano,
1473014007871201286,MazzuoliRic,
1473013965408153605,Kick57624616,
1473013947095818240,Primula23244795,
1473013940066074632,emillyele,
1473013807157022720,1968Niki,
1473013557994434563,fremo03893514,
1473013298899693580,Lekr_AC,
1473013254658088965,ologrammi,
1473013183250108429,MEB_Tess,
1473013030535507968,onlyforyoureye2,
1473012938881572864,plauto79,
1473012893826400256,CozziFabio1,
1473012718638665728,Wolf09722148,
1473012605400887303,Dome689,
1473012600086667266,Wolf09722148,
1473012461255208962,AnnaLizzy68,
1473012407672922116,Obsolete_LG,
1473012397661171714,Zetabellaregna,
1473012180190736395,PaoloBMb70,
1473012173035249664,maurofughi,
1473012127594123282,Alberto00766701,
1473012102411526149,Maurofabio31,
1473012038213451788,dayflyer,
1473012001022648333,Renata91493146,
1473011975257001992,b_radio47,
1473011969871470600,lonewolf8719,
1473011961751351304,AriannaMaria39,
1473011920085078016,Silvia76577767,
1473011774001754116,SergioFerrara10,
1473011759996968964,DeodatoRibeira,
1473011256193921025,AnnaLizzy68,
1473011150791000068,lucabattanta,
1473010967416082444,GCerrai,
1473010872943628289,depmyfav7,
1473010834079166465,giuliooriccii,
1473010748595085317,Munny01W,
1473010696443076623,mannersmaketh10,
1473010617246232576,mariluchio,
1473010452607213569,lucabattanta,
1473009899483406338,claudiagen,
1473009775264817161,paolagalant,
1473009730817867783,AssuntaAccetto1,
1473009719795142672,ellygatta81,
1473009705597472773,MarySpes,
1473009560042496010,CercielloRenato,
1473009322451947524,TereTWT,
1473009222262693898,lord_john56,
1473009202322976781,alessio1com,
1473009111331745804,MarcoCaptain75,
1473008792132636674,sissyturtlexxx,
1473008685744107520,GIACOMO24330093,
1473008561584508930,AssuntaAccetto1,
1473008533666992133,JosephGhorna,
1473008347716726792,SantisErminio,
1473008344902377477,machyaer,
1473008342826106900,Salvo_Volpe17,
1473008318683783170,GCoddio,
1473008167240052736,LLengoazza,
1473008152807616512,disicaterina,
1473007981684051968,JPVKnight,
1473007874943160323,EnricoCEngelma1,
1473007778415456258,Ivanosanz,
1473007770232360961,vallant80,
1473007696458788864,AlexVittadello,
1473007686392459268,OlivieroGiovan2,
1473007555421122562,kajacaprari,
1473007548794122246,toni08061963,
1473007305474158596,plauto79,
1473007176633434112,GuglielmoZambe2,
1473006937428181006,Chini_Francesco,
1473006516722704402,mapiele,
1473006395851169793,BuIISitting,
1473006215995211778,batmar,
1473006190783307776,benza20000,
1473006099032948743,RaniaQueenitaly,
1473006081085427716,Domenic09598472,
1473006026010107913,Solitastoria17,
1473006018867179531,raffaellamucci1,
1473005997807517711,pierecall,
1473005973228957701,BuIISitting,
1473005938219040773,Martino31805246,
1473005905369313290,AleFiore2249,
1473005776771895302,ambroperego,
1473005751111241735,evy_29031980,
1473005732505305099,susy19711,
1473005724884156417,AletrAmp,
1473005546290745362,ladyonorato,
1473005485620084737,rosaroccaforte,
1473005355416367111,Biagiothai,
1473005242845437955,LucaSp1d3rm,
1473005083587715074,cavalieri_75,
1473005075949920265,_fiorucci,
1473004951236489216,Lcungi,
1473004669828059139,peucezia,
1473004654384537602,ilKato,
1473004597530742789,twMirandolina,
1473004573619011590,blue85205210,
1473004550541950979,RubiuAntonello2,
1473004525820776449,63_spinelli,
1473004285973733385,ayurbea,
1473004136786448391,carmenthesister,
1473003930279940101,fantus74,
1473003748238807048,M72seventytwo,
1473003471079149571,Marilenapas,
1473003336790155267,AmedeoFortuna,
1473003291424530432,VitillaroFranco,
1473003060909727744,Narcodelladeci1,
1473003023442092032,robericusa,
1473002716913881096,BuIISitting,
1473002656016781313,kemess__,
1473002384225935361,MATTEO12476,
1473002218932609026,Cinzy08_,
1473002110371434502,lorena_melon,
1473001870297903107,luigigr748962,
1473001783459037187,matteosportelli,
1473001782611791877,JPCK72,
1473001778996293632,Marco1999Busa,
1473001713137295364,LinaVadal,
1473001679008288775,DarkAngel_DA00,
1473001673857675271,barbaralai84,
1473001508069384199,Adamao76,
1473001429497487364,EremitaMancato,
1473001146793009153,Kick57624616,
1473000800205131776,lupogrigio111,
1473000685578952712,SanctionsK,
1473000247307739138,braveheartmmt,
1473000189178884108,DesireMaja,
1473000106672668678,Brigante1959,
1472999867576426507,LuiNardi,
1472999832080076801,monsieuu,
1472999762135765000,fremo03893514,
1472999721216221195,Frances70429408,
1472999332886503426,mocettast,
1472999073259134985,white_rabbit_84,
1472998789761974287,GaribaldiPaolo,
1472998514552713221,Gilda21953339,
1472998157474832385,mike9938,
1472998051115638790,CaterinaCalicc1,
1472997990151471116,Lucabernaroli,
1472997989350268935,memaudsem,
1472997941912776722,stefano_ing,
1472997558905675785,rosaroccaforte,
1472997531974000640,AValvecchia,
1472997412331524101,ES1670,
1472997216247767041,censore1234,
1472997056545529859,brunodese,
1472996993102495748,s1efan0,
1472996868724506629,iceeke65,
1472996714416062476,luca20425,
1472996531846500352,lucabattanta,
1472996385771462666,giorgio6009,
1472996367136079872,ArmandoCapone,
1472996363856191488,visgia67,
1472996244163338248,ren7444,
1472996159115382798,rinoraf74,
1472996112650887171,bellogatto1,
1472996095227748362,Youzaofthecloud,
1472995946132905998,walterkj,
1472995868232105992,GiannettiMarco,
1472995613935644673,Vince08440165,
1472995536399654912,MP74514134,
1472995477352333313,cala_l_asso,
1472995425217036293,gigio0000,
1472994860999270403,katrinyanuo,
1472994786797887491,MannaggiaRd,
1472994742472519684,mariella_m_,
1472994688697344000,richgal68,
1472994486125010947,lonewolf8719,
1472994417262931970,nonnona23928040,
1472994384165715972,kiara86769608,
1472994088375009282,mirabuccia_,
1472994058884857858,salvotomasi69,
1472994023887540232,1GROSSI,
1472993948503363588,DjLellone,
1472993891863388170,Matteo_coss97,
1472993803120295937,NelaBombelli,
1472993734891560965,mitsouko1,
1472993708144537600,Franztrane,
1472993617249808390,spe1977,
1472993520881487874,batmar,
1472993459267121152,lucabattanta,
1472993169478500352,absurdumb,
1472993106102566918,cuspidorn,
1472993087739904013,FRuighi,
1472992867023044616,maxxxks,
1472992856948232192,dayflyer,
1472992826992513031,IgorV01519720,
1472992779643113479,Lacreativa4,
1472992777130713098,umbo70,
1472992562206158848,Domenico1oo777,
1472992135783890953,ninoBertolino,
1472991896561664000,YBortot,
1472991787463725076,Erica43581765,
1472991745881350144,gv_venturini,
1472991600267640833,Balby1984,
1472991599617531912,Giovanni7769,
1472991580336398340,mlpedo,
1472991557271920649,AnnaAlisa12,
1472991400484560904,bartesius,
1472991329898704897,DobbyPlayChess,
1472991280812728329,BR1SANT,
1472991150441119750,CiaoGrosso,
1472991099975315461,DanielaSanchini,
1472991054945300486,dolores20943592,
1472990941506113538,ErnestoPascucci,
1472990884773908489,MiroTorrielli,
1472990869561221123,Divita14Franco,
1472990631282757644,Steva781,
1472990624798363648,Master2001_3,
1472990598479196160,AnkyBoh,
1472990574840066051,marin_cdm,
1472990519911493634,MaxBertoni1,
1472990509266255873,rami_piu_smocci,
1472990480480845825,anodo59,
1472990475414036494,MagoRompi,
1472990239408939014,batmar,
1472990151332749314,dayflyer,
1472990038719963141,AntonioDonatoPa,
1472989975876706313,MuraRosi,
1472989907123679232,SentenzaEr,
1472989901180264459,annachiara7,
1472989796503113733,amadesss,
1472989764114698243,GP39900298,
1472989726932094979,_fiorucci,
1472989726768611329,rudy_matrix,
1472989662247632905,Cucinoio1,
1472989567808647175,Mauro26739276,
1472989549005623297,Biagiothai,
1472989519150522370,tuider_Unicorn8,
1472989501886713856,Erica43581765,
1472989436547846150,giovanni101255,
1472989274215792643,rob_carnevale,
1472989230850879491,MontiaSerrani,
1472989196109459466,MontiaSerrani,
1472989134910279687,Biagiothai,
1472989050109841410,MontiaSerrani,
1472989009064468480,MontiaSerrani,
1472988997093896210,MontiaSerrani,
1472988986285211658,MontiaSerrani,
1472988972687282180,MontiaSerrani,
1472988954781790209,ilPontormo,
1472988941687173130,MontiaSerrani,
1472988932535197710,MontiaSerrani,
1472988927007076353,DossierTibet,
1472988921583788035,MontiaSerrani,
1472988899555348494,MontiaSerrani,
1472988899177807881,Finoall17964701,
1472988888574701573,MontiaSerrani,
1472988877195563019,MontiaSerrani,
1472988865938051083,MontiaSerrani,
1472988856639234050,MontiaSerrani,
1472988845696294913,MontiaSerrani,
1472988836766568453,MontiaSerrani,
1472988823038705673,MontiaSerrani,
1472988807242805249,MontiaSerrani,
1472988789459111943,MontiaSerrani,
1472988687629754388,MontiaSerrani,
1472988665152483340,MontiaSerrani,
1472988615278010373,MontiaSerrani,
1472988613608681490,Athena55263375,
1472988585943080966,MontiaSerrani,
1472988572558974987,MontiaSerrani,
1472988553470791683,MontiaSerrani,
1472988467160305666,annamaria_ff,
1472988454355185665,MontiaSerrani,
1472988344669937671,BagsLab,
1472988304920428546,andra_andra2021,
1472988275552014349,marilenagasbar1,
1472988229586538500,carloarbini51,
1472988206467620866,BobToney65,
1472988139488788487,NelaBombelli,
1472987981145415687,nopassvacc,
1472987910811095040,Bluerose6898,
1472987868226371599,Henry0762,
1472987853739147267,eris_oje,
1472987605109288960,fremo03893514,
1472987552957313024,NellaBollano,
1472987400074846210,bigtere1984,
1472987103013257221,Fitness_Tattoo_,
1472987053688246282,GMorenghi,
1472986887421890567,gianppaolo,
1472986857965244422,buronjek,
1472986526321713160,Putrido15,
1472986423330488323,sciantokescia,
1472986407333502984,lucianaromano19,
1472986356410458120,natyslucevita,
1472986268124524564,Massimo32397272,
1472986264848711688,marin_cdm,
1472986215905468427,monica84031149,
1472986183634464768,PasGan77,
1472986151459954695,Carmen5633,
1472986027384000521,ArielLion00,
1472985747829538822,4Tchat,
1472985667554664453,Giuly0013,
1472985667215015948,sarasolemio,
1472985626664443912,972b974e1b0440e,
1472985606473060356,MaraBaschieri,
1472985496666226697,pier2856,
1472985340998787075,gpellegrino55,
1472985271050412035,Penelope48a,
1472985262963765260,MassimoMalvest1,
1472985235281354752,vodkac6,
1472985198463705095,SanThom21,
1472985153957990404,Etruria72,
1472984921601978368,emilian69424318,
1472984856766427148,CaligaraAnna,
1472984771995316226,ScacchiMaurizio,
1472984591627690002,zarkon85,
1472984505212358668,TuaSore57329669,
1472984225095766017,RobertoSignore7,
1472984189939109888,Sakurauchi_Hime,
1472984147178184710,mixailvoronov21,
1472984120561123338,Mauro26739276,
1472984040651304963,Natale10587098,
1472983939065253890,Tersite66,
1472983895826223104,ingenuere,
1472983858438189061,PuntoCriticoWeb,
1472983854516514823,quete_du_graal,
1472983698266066944,Mic24080902,
1472983504283742208,GianandreaGorla,
1472983454400888846,GianandreaGorla,
1472983116738347008,nicolabrt7,
1472982983321739267,xscarux,
1472982962820075534,cocchi2a,
1472982917487988750,brunodese,
1472982707705683980,47187297Bruna,
1472982518659964937,VarricchioMauro,
1472982502176432132,fabrizio1972b,
1472982474565296128,Renato02030253,
1472982434010570755,lorenzlu,
1472982205009965056,fabrizio1972b,
1472982183916802055,lametabasta,
1472982136215023616,VladiNeri,
1472982124810620932,nickreddy,
1472982005105242129,MassimoChiaram7,
1472981521887813636,ludlum242,
1472981246816960512,Diego70579805,
1472981163333627904,Moixus1970,
1472981096375721994,robymark1,
1472981029501784065,Nanenmonio1,
1472980594300755970,bordienrico,
1472980589502472199,LeintheChaos,
1472980498980950026,Serenocome,
1472980405452161033,Pow_Wow_Indian,
1472980337798098956,giopapa,
1472980305074176010,_mcmax_,
1472979891670892548,xposeidone,
1472979711718535187,dottorossonero,
1472979579514101761,simonamancini24,
1472979402954846211,NoOne1995bis,
1472979391491751937,maryfagi,
1472979387956015106,FerAlgaba,
1472979353076219907,AlvaraBerte,
1472979305248477184,leone150872,
1472979294133571599,GandalfRevn,
1472979285916983309,martina_ever,
1472979236063518723,ErmesMoras1,
1472979097672368130,PubblicoDebito,
1472979068232601605,ErmesMoras1,
1472978889966293001,LuKakkLP,
1472978546654162956,mbmattia60,
1472978480929427458,Silvia12877694,
1472978451862896645,Ilaria89965081,
1472978449660891140,melyamamura,
1472978411295543296,GiancarloChimie,
1472978252708958210,Irmoprado,
1472978223822741520,DioLuca,
1472977825691017219,egopor,
1472977640743219204,carlodamore19,
1472977634258821125,47187297Bruna,
1472977552155291660,carlodamore19,
1472977531758329857,Luanastretti1,
1472977408945004547,Giacomo25129205,
1472977396869615618,piaso73,
1472977141532930058,RobertoZucchi11,
1472976883981639684,qualcun57644154,
1472976836137308161,Lucky66A,
1472976773994491908,Dennis16622299,
1472976603026272261,Nicola23453287,
1472976558092660744,PanPanVittoria,
1472976414836203523,MarkVnt90,
1472976406917390342,depmyfav7,
1472976381478846465,a_meluzzi,
1472976370871504899,Verdoux11,
1472976342782459905,Simone49297361,
1472976331486937089,ancheno77,
1472976278882066451,cogonipiero2,
1472976267834179586,tiber_h,
1472976229443723264,attilascuola,
1472976049973641216,AnnaP1953,
1472975800496496649,DissidentePer,
1472975759727808513,Vvelasciavivere,
1472975725611425801,Lorelei07224785,
1472975659861487618,mareluna69,
1472975640290803722,mariamarilucen,
1472975503942471687,anna01871270,
1472975283791798282,BesouroKangal,
1472975243983659009,BalboMilena,
1472975235758571520,Orazio45937732,
1472975157346066444,silvias_72,
1472974949098917895,Andreaacquista,
1472974903322325005,luglio1972,
1472974843108859904,RobertaLuciani1,
1472974685881126918,monsieuu,
1472974611277094925,Marco59805683,
1472974607187599367,virtualex71,
1472974600522936321,berzin09,
1472974536522010634,sissyturtlexxx,
1472974488736354304,RobertoLB96,
1472974367227318276,EureosCriss,
1472974322620895240,laviniaefarnese,
1472974320532180999,Sweenytapi,
1472974095545520135,DobbyPlayChess,
1472974069834391558,rallegriamoci,
1472974019649589259,ioeilmiomare,
1472973973793165319,RomanatoM,
1472973908718538753,manuscod,
1472973889038958604,mludodc,
1472973847293054976,kategullo75,
1472973754879905798,NunzioSapio,
1472973673955012611,Venere781,
1472973615628963846,Angela300564201,
1472973592300298244,isladecoco7,
1472973561455386627,AlbertoDazzani,
1472973541922549760,pelias01,
1472973472666169358,komba_vany,
1472973444220219392,Bluerose6898,
1472973413572661248,francescog63,
1472973343662002185,argentofisico,
1472973150522687488,anto_galli4,
1472973081874477056,Flavr7,
1472972981316034563,AlessandraZadro,
1472972934792859650,Bobbio65M,
1472972791351754760,ClaudioMeazza,
1472972771621851142,mingocri1,
1472972738885210117,MauroRedfox1,
1472972684443148294,ILPREDICATORE2,
1472972599927918605,alessio1com,
1472972517971312648,patty64347970,
1473934055557189634,topolina12,
1474018619235442688,LiciaRonzulli,
1472956905664520192,EsercitoCrucian,
1473386206914359299,fdragoni,
1473020208314994688,Filomen30847137,
1474010780265820164,Mamox__,
1473979648497303555,SlevinPollaK888,
1472984866362990597,rutilibus,
1474002470850412548,FabioMatmos1000,
1473813531833290753,antondepierro,
1473978949332054019,CpiSardegna,
1474000554305142791,OfficinaTorino,
1473780811350560770,Zippo88lrr,
1471444540053721090,strange_days_82,
1461718360786448385,NatangeloM,
1472339940327444482,intuslegens,
1472981109327683589,VivoLibero1,
1472133731448197120,_GrayDorian,
1473946793784324109,MaryamSenada,
1473900192462262275,UmbertoNew,
1472231158310227971,intuslegens,
1473911646884089858,Adnkronos,
1473651297161297920,ultimenotizie,
1473819511145082882,spoilair1,
1472301392467476489,strange_days_82,
1473804608279662599,MarcelloBussi,
1473747199330824195,DSant65,
1471774500039577604,antonioripa,
1473600289492115460,elivito,
1472527787886055430,frazambon,
1473605221741912064,Musso___,
1472983557287165953,ArmoniosiAccent,
1473751490770653211,La7tv,
1473607272601370633,sole24ore,
1473575521640493060,DAVIDPARENZO,
1473667612366323712,OptiMagazine,
1472919662547640326,Zippo88lrr,
1472241038232371203,Il_Brillante,
1457040103507963910,AntonioBorrini,
1473756264282873865,Side73Dark,
1473711032270999562,Fabio_DeBunker,
1473015085773766660,MainolfiRita,
1473376958700531713,lacrostina,
1473381978422587392,valy_s,
1473343029784293377,MaxxMono,
1473673025690165253,ultimenotizie,
1472604084603695107,senia65,
1473594352631005187,FraLauricella,
1473653485782683649,ultimenotizie,
1473228662103318533,antondepierro,
1473625486433607682,b_R_u_S_a_C_u_L,
1472236070729392128,Axen0s,
1437148637772005377,Musso___,
1472289627205775372,nonexpedit,
1473375548051275777,Psyco012,
1473673439592558606,Adnkronos,
1473597950823706629,PaeselloNormale,
1473547692265680901,NatoBarrufante,
1473641880802021378,toscanalibri,
1473337945625174022,alessand_mella,
1473589211953610764,1nessuno100mil2,
1471543450780663808,SADIComic,
1473594888948228096,alessand_mella,
1473596092939972611,unimib,
1472598834505306116,ArmoniosiAccent,
1473345460886818816,christian_fsi,
1461691693862989828,Chr12tian,
1473625186113138694,paolo_tosatti,
1473560843858161668,VogliaZebra_net,
1473612897637093381,Raff_Napolitano,
1473015077976555525,EsercitoCrucian,
1473609681486635010,tempoweb,
1473565380824211457,ldibartolomei,
1473589213522284559,1nessuno100mil2,
1473606841519288325,Radio1Rai,
1473571495507120138,SimoneILive1,
1473586817341530116,LMaledetta,
1473549548551385093,RassegnaZampa,
1473379430135439365,marco_turetta,
1473358524499517440,73Orlando73,
1473404286126243856,gr_grim,
1461344799546609664,giadasmars,
1472503696193949703,jxgiuliano,
1460999835700678662,christian_fsi,
1295084250644058114,christian_fsi,
1473565143351316481,Olindo35055898,
1473397158355390466,gaia_libera,
1473397314018500608,gaia_libera,
1473397645309788164,gaia_libera,
1473360368588185600,DomaniGiornale,
1473069877019787270,valy_s,
1473534710655725572,GMorenghi,
1472109284855005187,tradori,
1473548919787474947,EdoardoFerraro,
1473282970073059339,BabboleoNews,
1473337556632756227,spoilair1,
1473375072643600387,debufred,
1472895903052836865,GiozZer,
1473184971439456264,radio3mondo,
1473437731594383362,tradori,
1473523747734925316,AndreaColagiac1,
1472191603003604993,ArmoniosiAccent,
1473060043817984006,valy_s,
1473429154481815553,xx_thebossx,
1473274852379435011,tradori,
1473003740189892608,valy_s,
1472223391784517634,ProItalia_org,
1472241442731044868,ProItalia_org,
1472638825369382913,ContiMariapia,
1473014996028248070,antondepierro,
1473229107999776771,antondepierro,
1473340113560256518,Psyco012,
1473428780928614414,otuscops,
1472645721560080386,dottorbarbieri,
1473421382478450688,debufred,
1473240391034060805,Lantidiplomatic,
1472702484674187269,Side73Dark,
1472908714751541251,LaPrimaManina,
1473405648289345538,Luca_Mazzocchi1,
1471444333161336832,strange_days_82,
1473007706860621829,Gigadesires,
1473389997952749569,valy_s,
1473353351987445763,Erinni110,
1473013292050305030,Paride_Romano,
1473187328126562305,MANUEL_FC1969,
1473385920888033286,tomasonidiego,
1472971895758893058,valy_s,
1473381731088707587,secondarepubbl1,
1461687908797227008,darkskywriter,
1472303057711083527,DebFraRom1,
1473373179427049483,DefectorOf,
1473365468866043911,dark__army_,
1473008772046106632,viaggrego,
1473091449524740103,valy_s,
1473363322913370114,iFrancisPin,
1473363433341005829,raffymarzo76,
1473031904429592580,fdragoni,
1473361375913259018,NicoViscomi,
1472973351308169222,tradori,
1472282934073872397,lefrasidiosho,
1473346480215842820,andreaseperso,
1473296768993480706,Bu39159456,
1473213783711617028,Libero_official,
1473336309431386122,cigolionocingue,
1473329094976851971,merita_cami,
1472685857035497475,Quoque_Tu_Brute,
1472980084973875205,Eclissidiluna2,
1472980203114745863,Eclissidiluna2,
1472980604874477574,Eclissidiluna2,
1473063270911254528,Soffrodinsomma,
1472995370720538624,MattOneMouse,
1473312596220645388,bshdsamurai,
1473192454576877573,infosferanews,
1473302406024859657,Silvia_ViVa_,
1473302499524292614,Silvia_ViVa_,
1473302591803174916,Silvia_ViVa_,
1473303000298962951,Silvia_ViVa_,
1473033703110717444,Claudie9223,
1473295396751515649,Silvia_ViVa_,
1473021883473928195,Paride_Romano,
1473304338722349058,Il_Sovrano,
1472977945656545280,Eclissidiluna2,
1473018890045296648,Paride_Romano,
1472978908786139149,schiettilaura,
1472982318868582405,Vsuperstar91,
1472978608385843200,GiuxVivi,
1473029941281316869,DianaC64384033,
1472976978483556352,Brubbis01,
1472977103423426568,Brubbis01,
1473293915444977673,lanotteincuitu1,
1472981687546130445,Brubbis01,
1472988869171765252,NellaBollano,
1472980843194994693,MorikuniP,
1472981123286376468,luisa_pirino,
1473294975089528832,tradori,
1472953169592389640,ultimenotizie,
1473284205413113856,AlexS8338,
1472458878268985346,Radio1Rai,
1473261980819472385,wevoz_com,
1472987392508370957,MANUEL_FC1969,
1473206856902451203,DomaniGiornale,
1473258588261031938,VedoviGian,
1473276438254178313,anna_mitica,
1472868941475323907,Gitro77,
1473246751817621510,romeo_capuleti,
1473198874902806528,ilpost,
1473239674898505730,FabioMatmos1000,
1472990328818999298,AlexBazzaro,
1472992952599425027,Qua_Agatha,
1473033373002182660,GhitaIacono,
1472956212580913158,Adnkronos,
1473017827963645952,Claudie9223,
1472952004074946564,albo_interista,
1472326565434466315,KitemuoT,
1473235670776832006,valy_s,
1472957219432026112,LegaCamera,
1472977351868919810,LegaCamera,
1473019769871872004,NicolaRusso81,
1472957217682898959,LegaSalvini,
1472977350325325830,LegaSalvini,
1472978854947946496,LaNotiziaTweet,
1473213171796221952,ChristianValse4,
1473214904903647232,ChristianValse4,
1473051479216951296,LoopandLo,
1473222228477153280,RaiStudio24,
1473203986580877313,Sandro15533442,
1473208019014070275,ISPRA_Press,
1473216332694966276,Raff_Napolitano,
1473202842747998213,riccardobruni,
1473207931025907713,CLiVaToscana,
1472871094407282692,matguidi,
1472524964238606340,FedeCenci,
1473039264514555905,Mariano_tweet,
1473204432846344200,Daniele62156740,
1473082474976911360,solagimma1,
1472237694101205001,chiaralucetw,
1473190647284834306,GiorgioCameran1,
1472557944940212224,65_virna,
1472529742490447877,eren52088,
1472354239489916930,valy_s,
1472850345726468096,colvieux,
1473173393298141188,rotre54,
1473071826515415047,lornova79,
1472948554629062658,cesololinter_19,
1472971614484639754,newsbigone,
1472966283683577864,LucaGalizia,
1473177302582321152,daru78,
1473088146116067329,spoilair1,
1472941214525702147,lauranaka,
1473037998212194305,MediasetTgcom24,
1472967009755410437,byoblu,
1472991736628711424,fanpage,
1472854224719552514,InformazioneOg,
1472985500084486153,euright9,
1473051548351709185,Adnkronos,
1473010527760568320,byoblu,
1472587980284043276,GiorgioCameran1,
1472669387312275457,GioChirilly,
1472986148414894083,DemosLandia,
1472299568230551554,Giorgiolaporta,
1472604187523436549,DSant65,
1473043605417828363,alemilord,
1473007717627449348,mirko_ita_eu,
1473051616756572173,olindocervi,
1472865299397550086,il_Mitte,
1473048076290072581,Leonedellaluce,
1473046818439286798,Leonedellaluce,
1473046936030699527,Leonedellaluce,
1473047398045868051,Leonedellaluce,
1473047252344221698,Leonedellaluce,
1473045718508220419,tradori,
1472917069020770310,CauzziLorenza,
1464739936507248641,Antonellaliber,
1473027842560638977,N_i_c_o_la,
1473044113327071238,Fedcittsovr,
1472903308989849600,robkapfas,
1472624851538092035,valy_s,
1472656106237435914,valy_s,
1472949863432306691,ultimenotizie,
1473025862866022408,LMaledetta,
1473021979443748866,ItaTvfan,
1473017624103686151,schiettilaura,
1472479917841518599,Eddie77C,
1473011918000558085,DRusconi,
1472545488629080066,rostokkio,
1470810332654362634,BorasoGianluca,
1473004190213496836,mirko_ita_eu,
1472955028306546688,Stefano_villa73,
1472849931526459394,ItaliaViva,
1473000660375379972,curvastone,
1472908531053563908,BaphoMet135711,
1472996065519579150,LuigiClaudioMa1,
1473000435153784832,schiettilaura,
1472682842303963138,lastknight,
1472988738695450629,NellaBollano,
1472686692503101444,rej_panta,
1472994003327107085,nitrolibero,
1472993883760074755,LMaledetta,
1472882719524855813,libera_libera,
1472332324561997824,MuseVsColdplay2,
1472775158477766659,AvvMDerosa,
1472980830960205826,VivoLibero1,
1472980902074593287,luisa_pirino,
1472981074510848009,ROBERTOViVi1,
1472981077455257602,Nobu_ViVi,
1472981248175923201,VivoLibero1,
1472981336763871233,TomUbickV_V,
1472981382695641105,VivoLibero1,
1472981433681686535,Nobu_ViVi,
1472981436345036805,TomUbickV_V,
1472981508495392769,ROBERTOViVi1,
1472981531975163904,TomUbickV_V,
1472981605505544193,TomUbickV_V,
1472981671909769224,ROBERTOViVi1,
1472981757607743495,TomUbickV_V,
1472981846761873414,VivoLibero1,
1472981868211544065,ROBERTOViVi1,
1472982017147031562,ROBERTOViVi1,
1472982321691250688,TomUbickV_V,
1472982776706129920,Nobu_ViVi,
1472982887876210689,ROBERTOViVi1,
1472983575339450381,Nobu_ViVi,
1472983695128674308,Nobu_ViVi,
1472983815803093003,Nobu_ViVi,
1472983962414891015,Nobu_ViVi,
1472984341135470596,Nobu_ViVi,
1472981775357984779,GiuxVivi,
1472938622445891592,anto_vallini,
1472976308573507589,Paolobilove,
1472977040840216579,Paolobilove,
1472948338354016258,AnnapaolaMarco,
1472972903297818628,verita2019,
